"shape_id","route_id","via_variant","trp_direction","trip_headsign"
"010038","01","_","Outbound","Harvard"
"010058","01","_","Inbound","Dudley"
"040033","04","1ou","Outbound","North Station"
"040034","04","_ou","Outbound","North Station via South Station"
"040037","04","_","Inbound","Tide St"
"040038","04","1","Inbound","Tide St via South Station"
"050036","05","_","Outbound","City Point"
"050037","05","_","Inbound","McCormack"
"070070","07","1","Inbound","Otis & Summer"
"070071","07","7","Outbound","City Point via East First"
"070072","07","5","Inbound","Congress & Atlantic"
"070073","07","2","Inbound","Otis & Summer"
"070074","07","2","Outbound","City Point via East First"
"070075","07","1","Outbound","City Point"
"080126","08","1","Inbound","Kenmore"
"080127","08","9","Inbound","Kenmore via South Bay Center"
"080128","08","1","Outbound","UMass"
"080129","08","9","Outbound","UMass via South Bay Center"
"080137","08","2","Outbound","Dudley Station"
"090119","09","_","Outbound","City Point"
"090120","09","1","Outbound","City Point"
"090123","09","_","Inbound","Copley Square"
"090124","09","4","Inbound","Kenmore Station via Boston Latin"
"090125","09","1","Inbound","Copley Square"
"090126","09","5","Outbound","City Point via Andrew Station"
"1000032","100","3","Inbound","Wellington via Fellsway"
"1000033","100","3","Outbound","Elm St. via Fellsway"
"1000034","100","1","Inbound","Wellington via Fellsway"
"1000035","100","1","Outbound","Roosevelt Circle via Fellsway"
"1000048","100","_","Inbound","Fells Garage via Fellsway"
"100098","10","8","Outbound","City Point"
"100099","10","_","Inbound","Copley"
"100100","10","9","Inbound","Copley via South Bay Center"
"100101","10","5","Outbound","City Point"
"100103","10","_","Outbound","City Point"
"100111","10","9","Outbound","City Point via South Bay Center"
"100112","10","6","Outbound","Andrew Station via South Bay Center"
"100116","10","2","Inbound","Townsend & Humboldt"
"1010088","101","1","Inbound","Sullivan Square via Main St."
"1010095","101","2","Outbound","Winthrop St. & Brooks St. via George St."
"1010113","101","_","Inbound","Sullivan Square via Main St."
"1010139","101","8","Inbound","Sullivan Square via Main St."
"1010149","101","3","Outbound","Malden Station via Main St."
"1010150","101","4ou","Outbound","Malden Station via Main St."
"1010151","101","1","Outbound","Medford Square via Main St."
"1010152","101","_","Outbound","Stevens Square"
"1010162","101","4","Inbound","Sullivan Square via Salem St."
"1010163","101","3","Inbound","Sullivan Square via Salem St."
"1040033","104","_","Outbound","Malden Station via Ferry St."
"1040063","104","_","Inbound","Sullivan Station via Ferry St."
"1050061","105","1","Inbound","Sullivan Station via Newland St. Housing"
"1050063","105","1","Outbound","Malden Station via Newland St. Housing"
"1060099","106","4","Inbound","Malden Station via Main St."
"1060100","106","4","Outbound","Lebanon Loop via Main St."
"1060110","106","F","Outbound","Franklin Square via Lebanon Loop"
"1060111","106","5","Outbound","Linwood Ave. & Lynde St. via Main St."
"1060112","106","5","Inbound","Malden Station via Main St."
"1060115","106","_","Inbound","Wellington via Main St."
"1060146","106","3","Inbound","Wellington via Forest St. & Sylvan St."
"1060148","106","7","Inbound","Wellington via Forest St. & Sylvan St."
"1060173","106","_","Outbound","Lebanon Loop via Main St."
"1060175","106","7","Outbound","Franklin Square via Malden Station"
"1060176","106","6","Outbound","Linwood Ave. & Lynde St. via Main St."
"1080065","108","7","Outbound","Linden Square via Salem St."
"1080066","108","7","Inbound","Malden Station via Salem St."
"1080073","108","2","Outbound","Linden Square via Salem St."
"1080112","108","6","Outbound","Linden Square via Highland Ave."
"1080113","108","6","Inbound","Wellington via Highland Ave."
"1080114","108","1","Inbound","Wellington via Pearl St."
"1080115","108","1","Outbound","Linden Square via Pearl St."
"1090070","109","1","Outbound","Glendale via Broadway"
"1090107","109","_","Inbound","Sullivan Square via Broadway"
"1090108","109","1","Inbound","Sullivan Square via Broadway"
"1090114","109","_","Outbound","Linden Square via Broadway"
"1100053","110","4","Outbound","Broadway & Park via Woodlawn"
"1100054","110","4","Inbound","Wellington via Woodlawn"
"1100055","110","_","Inbound","Wellington via Woodlawn"
"1100056","110","_","Outbound","Wonderland via Woodlawn"
"1100057","110","2","Outbound","Woodlawn via Broadway"
"110064","11","3ou","Outbound","Bayview"
"110070","11","2ou","Outbound","Bayview"
"110074","11","3","Inbound","Downtown"
"110075","11","4","Inbound","Downtown"
"110076","11","2","Inbound","Kneeland St"
"1110154","111","2","Inbound","Haymarket via Tobin"
"1110155","111","5","Inbound","Haymarket via Tobin"
"1110156","111","8","Inbound","Haymarket via Tobin"
"1110157","111","6","Inbound","Haymarket via Tobin"
"1110159","111","5ou","Outbound","Woodlawn via Tobin"
"1110161","111","8ou","Outbound","Broadway & Park via Tobin"
"1110163","111","2ou","Outbound","Cary Square via Bellingham"
"1120104","112","_","Inbound","Wood Island via Market Basket & Admiral's Hill"
"1120105","112","1","Inbound","Wood Island via Soldiers' Home & Admiral's Hill"
"1120107","112","3","Outbound","Wellington via Admiral's Hill & Market Basket"
"1120108","112","_","Outbound","Wellington via Admiral's Hill & Market Basket"
"1120109","112","1","Outbound","Wellington via Admiral's Hill & Soldiers' Home"
"1140025","114","1","Inbound","Maverick Station via Meridian St."
"1140026","114","1","Outbound","Market Basket"
"1160051","116","7","Outbound","Bellingham Square"
"1160060","116","9","Outbound","Wonderland Station via Revere St."
"1160080","116","7","Inbound","Maverick"
"1160081","116","4","Outbound","Wonderland Station via Revere St."
"1160082","116","4","Inbound","Maverick via Revere"
"1170060","117","1","Outbound","Logan Airport Terminal C"
"1170066","117","9","Inbound","Broadway at Central Ave. via Beach St."
"1170067","117","2","Outbound","Maverick Station"
"1170097","117","8","Inbound","Haymarket via Maverick Station"
"1170098","117","5","Outbound","Wonderland Station via Beach St."
"1170099","117","_","Inbound","Haymarket via Beach St. & Maverick Station"
"1170100","117","5","Inbound","Maverick Station via Beach St."
"1170105","117","_ou","Outbound","Wonderland via Maverick"
"1190049","119","1ou","Outbound","Northgate via Beach St."
"1190050","119","1","Inbound","Beachmont via Beach St."
"1190054","119","3","Inbound","Beachmont via Beach St. and Tomasello Way"
"1190055","119","3ou","Outbound","Northgate via Beach St. and Tomasello Way"
"1200087","120","6","Outbound","Orient Heights"
"1200090","120","_ou","Outbound","Orient Heights via Wood Island"
"1200092","120","5","Outbound","Orient Heights via Wood Island"
"1200093","120","_","Inbound","Maverick Station via Jeffries Point"
"1200094","120","1","Inbound","Maverick Station"
"1210041","121","2","Outbound","Eagle Square via Lexington"
"1210042","121","2","Inbound","Maverick via Lexington"
"1210044","121","_","Outbound","Wood Island via Day Square"
"1210048","121","_","Inbound","Maverick via Day Square"
"1310033","131","_","Inbound","Oak Grove via East Side"
"1310034","131","4","Inbound","Oak Grove"
"1310035","131","4","Outbound","Melrose Highlands"
"1310036","131","_","Outbound","Melrose Highlands via East Side"
"1310037","131","2","Inbound","Malden Station via Main St."
"1310038","131","2","Outbound","Highlands Melrose via Main St."
"1310039","131","3","Inbound","Malden Station via Main St."
"1310040","131","1","Outbound","Highlands Melrose & Oak Grove"
"1320026","132","_","Outbound","Redstone & Oak Grove"
"1320027","132","_","Inbound","Malden Station via Oak Grove"
"1340091","134","4","Outbound","Winthrop St. & Brooks St. via Medford Square"
"1340118","134","7","Outbound","Medford Square via Riverside Ave."
"1340123","134","C","Outbound","Winthrop St. via Riverside Ave."
"1340124","134","6","Outbound","Winthrop St. via Riverside Ave."
"1340150","134","9","Outbound","Woburn Square via Riverside Ave."
"1340152","134","2","Outbound","North Woburn via Veterans Senior Center"
"1340154","134","3","Outbound","North Woburn via Riverside Ave."
"1340156","134","5","Outbound","North Woburn via Riverside Ave."
"1340169","134","3","Inbound","Wellington Station via Riverside Ave."
"1340170","134","C","Inbound","Wellington Station via Riverside Ave."
"1340171","134","5","Inbound","Wellington Station via Riverside Ave."
"1340172","134","2","Inbound","Wellington Station via Veterans Senior Center"
"1340173","134","6","Inbound","Wellington Station via Riverside Ave."
"1340174","134","1","Inbound","Wellington Station via Veterans Senior Center"
"1340175","134","7","Inbound","Wellington Station via Riverside Ave."
"1340176","134","9","Inbound","Wellington Station via Riverside Ave."
"1340177","134","4","Inbound","Middlesex Ave. at Second St."
"1360041","136","5","Inbound","Malden Station via Main St."
"1360042","136","4","Outbound","Wakefield Square via Oak Grove & Main St."
"1360043","136","4","Inbound","Malden Station via Main St. & Oak Grove"
"1360044","136","5ou","Outbound","Reading Depot via Main St."
"1360049","136","6","Outbound","Reading Depot via Main St."
"1360058","136","3","Inbound","Oak Grove via Main St."
"1360062","136","3","Outbound","Wakefield Square via Main St."
"1370024","137","3ou","Outbound","Reading Depot via North Ave."
"1370036","137","3","Inbound","Malden Station via North"
"140074","14","1","Outbound","Roslindale Sq"
"140078","14","_","Inbound","Heath St"
"140079","14","_","Outbound","Roslindale Sq"
"140080","14","2","Inbound","Heath St"
"140081","14","2","Outbound","Dudley"
"150084","15","3","Outbound","Kane Sq"
"150085","15","3","Inbound","Dudley"
"150142","15","_","Inbound","Ruggles"
"150143","15","_","Outbound","Kane Sq"
"150144","15","6","Outbound","Fields Corner"
"150145","15","2","Outbound","St Peter's Sq"
"150146","15","1","Inbound","Ruggles"
"150147","15","1","Outbound","Fields Corner"
"150148","15","2","Inbound","Ruggles"
"150159","15","4","Inbound","Dudley Station via Fields Corner"
"160131","16","2","Inbound","UMass"
"160138","16","3","Inbound","Andrew"
"160140","16","3","Outbound","Forest Hills"
"160141","16","9","Outbound","Forest Hills via South Bay Center"
"160142","16","2","Outbound","Forest Hills"
"160143","16","8","Outbound","Forest Hills via South Bay Center"
"160144","16","8","Inbound","UMass via South Bay Center"
"160145","16","9","Inbound","Andrew via South Bay Center"
"160146","16","7","Outbound","Forest Hills"
"160150-1","16","E","Inbound","City Point via Andrew"
"160150-2","10","E","Outbound","City Point"
"1700028","170","_","Outbound","Central Square via Waltham (Express)"
"1700032","170","3","Inbound","Dudley Square (Express)"
"170063","17","_","Inbound","Andrew Station"
"170064","17","_","Outbound","Fields Corner"
"1710018","171","_ou","Outbound","Logan Airport via Andrew"
"180025","18","_","Outbound","Ashmont"
"180026","18","_","Inbound","Andrew"
"190141","19","_ou","Outbound","Fields Corner"
"190143-1","19","F","Outbound","Adams & Gallivan via Fields Corner"
"190143-2","202","A","Outbound","Adams & Gallivan"
"190146","19","_","Inbound","Ruggles"
"190152","19","3ou","Outbound","Fields Corner"
"190153","19","3","Inbound","Kenmore"
"190154-1","201","A","Inbound","Avenue Louis Pasteur via Fields Corner"
"190154-2","19","E","Inbound","Avenue Louis Pasteur"
"190155","19","1","Outbound","Fields Corner"
"190156-1","19","E","Outbound","Adams & Gallivan via Fields Corner"
"190156-2","202","A","Outbound","Adams & Gallivan"
"1910038","191","_","Outbound","Mattapan via Dudley & Fields Corner"
"1910039","191","_","Inbound","Haymarket via Dudley & Fields Corner"
"1920021","192","_ou","Outbound","Forest Hills via South"
"1920024","192","_","Inbound","Haymarket via Forest Hills"
"1930033","193","_","Outbound","Watertown via Kenmore"
"1930037","193","_","Inbound","Haymarket via Kenmore"
"1940039","194","_","Inbound","Haymarket via Sullivan"
"1940040","194","_","Outbound","Clarendon Hill via Sullivan"
"1950017","195","_","Inbound","Downtown via Park St."
"2010022","201","_","Inbound","Fields Corner via Adams St."
"2010023","201","_ou","Outbound","Adams & Gallivan via Neponset Ave."
"2010032","201","3","Outbound","Quincy Garage via Neponset Ave. & Hancock St."
"2010038","201","8","Inbound","Fields Corner via Adams St."
"2010039","201","8ou","Outbound","Keystone Apts. via Neponset Ave."
"2010041","201","9","Inbound","Fields Corner via Adams St."
"2010044","201","9ou","Outbound","Keystone Apts. via Neponset Ave. & Puritan Mall"
"2010046","201","7","Inbound","Fields Corner via Keystone Apts."
"2010047","201","7ou","Outbound","North Quincy Station via Neponset Ave. & Puritan Mall"
"2020024","202","4ou","Outbound","Hallet Square via Adams St."
"2020027","202","4","Inbound","Fields Corner via Neponset Ave."
"2020033","202","8","Outbound","Quincy Garage via Hancock St."
"2020040","202","6","Inbound","Fields Corner via Neponset Ave."
"2020041","202","6ou","Outbound","Keystone Apts. via Adams St."
"2020042","202","5ou","Outbound","Keystone Apts. via Adams St."
"2020046","202","5","Inbound","Fields Corner via Neponset Ave. & Puritan Mall"
"2020049","202","7","Inbound","Fields Corner via Neponset Ave."
"2020050","202","7ou","Outbound","North Quincy Station via Adams St. & Keystone Apts."
"2020051","202","3","Inbound","Fields Corner via Neponset Ave."
"2100045","210","3","Outbound","Quincy Station via Newport"
"2100047","210","_","Outbound","Quincy Station via Hancock"
"2100049","210","_","Inbound","North Quincy Station via Hancock"
"2100051","210","3","Inbound","Fields Corner via Newport"
"2100055","210","1","Outbound","Braintree via Quincy & Quincy Adams"
"210052","21","_","Outbound","Ashmont"
"210053","21","_","Inbound","Forest Hills"
"210057-1","21","B","Inbound","Avenue Louis Pasteur via Forest Hills"
"210057-2","39","H","Inbound","Avenue Louis Pasteur"
"210058-1","39","Z","Outbound","Ashmont via Forest Hills"
"210058-2","21","A","Outbound","Ashmont"
"2110094","211","_","Inbound","Squantum via North Quincy"
"2110095","211","_","Outbound","Quincy Station via North Quincy"
"2110096","211","7","Inbound","Squantum via Billings Rd."
"2110097","211","7","Outbound","Quincy Center Station via Billings Rd."
"2110098","211","3","Inbound","Squantum"
"2110099","211","1","Inbound","Squantum"
"2110100","211","9","Inbound","Squantum via North Quincy"
"2120033","212","2","Inbound","North Quincy Station via Billings"
"2120034","212","2","Outbound","Quincy Station via Billings"
"2120035","212","5","Inbound","North Quincy Station via Billings"
"2140050","214","3","Outbound","Germantown via Sea St."
"2140051","214","4","Outbound","Germantown via Sea St."
"2140056","214","1","Inbound","Quincy Station via Sea St."
"2140057","214","2","Inbound","Quincy Station via McGrath"
"2140063","214","1","Outbound","Germantown via Oceanview"
"2140064","214","2","Outbound","Germantown via McGrath"
"2150076","215","_","Inbound","North Quincy Station via West Quincy"
"2150080","215","7","Inbound","East Milton via West Quincy"
"2150085","215","_","Outbound","Quincy Station via West Quincy"
"2150089","215","2","Outbound","Quincy Station via West Quincy"
"2150095","215","1","Outbound","Quincy Station via West Quincy"
"2150096","215","1","Inbound","Ashmont Station via West Quincy"
"2150097","215","3","Outbound","Quincy Station via Ashmont"
"2150098","215","3","Inbound","Fields Corner via Ashmont"
"2160067","216","_","Outbound","Houghs Neck via Sea St."
"2160068","216","2ou","Outbound","Houghs Neck via Germantown"
"2160069","216","2","Inbound","Quincy Station via Sea St."
"2160070","216","_","Inbound","Quincy Station via Sea St."
"2160071","216","4ou","Outbound","Houghs Neck via McGrath Hwy."
"2160072","216","4","Inbound","Quincy Center via McGrath Hwy."
"2160073","216","3","Outbound","Houghs Neck via Sea St."
"2160076","216","1","Outbound","Houghs Neck via Sea St."
"2170039","217","2","Inbound","Bryant Ave. at Upton St."
"2170067","217","8","Outbound","Quincy Center Station via North Quincy"
"2170068","217","9","Outbound","Quincy Center Station via Wollaston"
"2170069","217","9","Inbound","Ashmont Station via Newport Ave. & Wollaston"
"2170070","217","1","Outbound","Quincy Center Station via North Quincy"
"2170072","217","3","Inbound","Ashmont Station"
"2200074","220","4","Outbound","Hingham Square via Center"
"2200076","220","3","Outbound","Hingham Square via Washington St."
"2200079","220","9","Outbound","Hingham Square via Shipyard"
"2200080","220","4","Inbound","Quincy Center via Washington St."
"2200081","220","3","Inbound","Quincy Center via Washington St."
"2200082","220","5","Inbound","Quincy Center via Shipyard & Washington St."
"220074","22","3","Outbound","Ashmont Station via Franklin Park"
"220103","22","_","Inbound","Ruggles Station via Jackson Station"
"220104","22","_","Outbound","Ashmont Station via Jackson Station"
"220116","22","1","Outbound","Ashmont Station via Jackson Station"
"220128","22","2","Outbound","Ashmont Station via Jackson Station"
"220131-1","22","E","Inbound","Kenmore via Ruggles"
"220131-2","08","D","Inbound","Kenmore"
"2210027","221","5","Outbound","Fort Point via Des Moines"
"2210030","221","5","Inbound","Quincy Ctr via Des Moines"
"2220062","222","_","Outbound","East Weymouth via Middle St."
"2220065","222","9","Outbound","Washington St. & Pleasant St. via Middle St. Weymouth"
"2220068","222","_","Inbound","Quincy Center Station via Middle St."
"2220069","222","9","Inbound","Quincy Center Station via Middle St."
"2220073","222","1","Outbound","East Weymouth via Essex St."
"2220074","222","1","Inbound","Quincy Center Station via Essex St."
"2250111","225","2","Outbound","Fore River Shipyard via Shaw St"
"2250125","225","3","Inbound","Quincy Center"
"2250126","225","5","Inbound","Quincy Center via Shaw St"
"2250127","225","1","Inbound","Quincy Center"
"2250128","225","2","Inbound","Quincy Center via Shaw St"
"2250129","225","_","Inbound","Quincy Center via Quincy Ave"
"2250130","225","4","Inbound","Quincy Center via Shaw St"
"2250131","225","3ou","Outbound","Columbian Sq"
"2250132","225","5ou","Outbound","Columbian Sq via Shaw St"
"2250133","225","_","Outbound","Weymouth Landing via Quincy Ave"
"2250134","225","4","Outbound","Weymouth Landing via Shaw St"
"2250135","225","1","Outbound","Weymouth Landing"
"2300071","230","4","Outbound","Montello"
"2300086","230","3","Outbound","Montello"
"2300101","230","3","Inbound","Quincy Center via Braintree Station"
"2300102","230","5","Inbound","Quincy Center via Holbrook Court"
"2300103","230","5","Outbound","Montello via Holbrook Court"
"2300104","230","4","Inbound","Braintree"
"230070","23","1","Outbound","Ashmont Station via Washington St."
"230115","23","2","Inbound","Dudley Square"
"230119","23","_","Outbound","Ashmont Station via Washington St."
"230120","23","_","Inbound","Ruggles Station via Washington St."
"230132","23","3","Outbound","Ashmont Station via Washington St."
"2360032","236","2","Inbound","Quincy Center Station via Braintree Station"
"2360033","236","2","Outbound","South Shore Plaza via East Braintree"
"2360034","236","3","Inbound","Quincy Center Station via Middle St."
"2360035","236","3","Outbound","Braintree Station via Middle St."
"2380118","238","9","Inbound","Quincy Station via Crawford St. & South Shore Plaza"
"2380122","238","7","Inbound","Quincy Center"
"2380123","238","3","Inbound","Quincy Station via Crawford Square"
"2380131","238","9","Outbound","Holbrook/Randolph Commuter Rail"
"2380132","238","3","Outbound","Avon Square"
"2380133","238","7","Outbound","Crawford Square"
"2380134","238","5","Outbound","Crawford Square via Randolph"
"2400053","240","8","Outbound","Avon Square via Crawford Square"
"2400108","240","2","Inbound","Quincy Center Station via North Randolph"
"2400109","240","2ou","Outbound","Crawford Square"
"2400110","240","1","Inbound","Ashmont via North Main"
"2400111","240","9","Outbound","Holbrook/Randolph Commuter Rail via Crawford Square"
"2400112","240","9","Inbound","Ashmont via North Main"
"2400113","240","3","Inbound","Quincy Center Station via North Randolph"
"2400114","240","_","Inbound","Ashmont via North Main"
"2400115","240","1","Outbound","Crawford Square via Randolph & North Main"
"2400116","240","_","Outbound","Crawford Square via Randolph & North Main"
"2400117","240","7ou","Outbound","Avon Line via North Main"
"2400118","240","7","Inbound","Quincy Center Station via North Randolph"
"2400119","240","3ou","Outbound","Holbrook/Randolph Commuter Rail via Crawford Square"
"2400120","240","G","Inbound","Ashmont via North Main"
"240042","24","_","Outbound","Wakefield Ave. via River St."
"240044","24","1","Outbound","Wakefield Ave. via Metropolitan Ave."
"240071","24","_","Inbound","Mattapan Station via River St."
"240072","24","4","Inbound","Mattapan Station via River St."
"240075","24","2","Outbound","Wakefield Ave. via River St. & Mattapan Station"
"240076","24","2","Inbound","Ashmont Station via River St. & Mattapan Station"
"240077","24","5","Inbound","Ashmont Station via River St. & Mattapan Station"
"2450058","245","1","Inbound","Mattapan Station via Brook Rd."
"2450061","245","8","Outbound","Quincy Ctr via Brook Rd. & Alleyne St."
"2450062","245","_","Outbound","Quincy Center Station via Edge Hill Rd."
"2450064","245","_","Inbound","Mattapan Station via Edge Hill Rd."
"2450068","245","5","Inbound","Beale & Newport"
"2450071","245","1","Outbound","Quincy Center Station via Brook Rd."
"2450072","245","2","Outbound","Quincy Center Station via Canton Ave."
"260032","26","2","Inbound","Gallivan Blvd via Washington St."
"260035","26","1","Inbound","Gallivan Blvd via Norfolk St."
"260036","26","1ou","Outbound","Ashmont via Washington St."
"260037","26","2ou","Outbound","Ashmont via Norfolk St."
"270025","27","_","Outbound","Mattapan Station via River St."
"270026","27","_","Inbound","Ashmont Station via River St."
"270029-1","36","H","Inbound","Ashmont via Roslindale Sq"
"270029-2","30","A","Outbound","Ashmont via Mattapan Station"
"270029-3","27","A","Inbound","Ashmont"
"270030-1","27","B","Outbound","Millennium Park via Mattapan Station"
"270030-2","30","A","Inbound","Millennium Park via Roslindale Sq"
"270030-3","36","G","Outbound","Millennium Park via V A Hospital"
"280082","28","2","Inbound","Dudley Station via Grove Hall"
"280085","28","_","Outbound","Mattapan Station via Dudley Station"
"280086","28","_","Inbound","Ruggles Station via Dudley Station"
"280087","28","5","Inbound","Ruggles Station via Dudley Station"
"280088","28","3","Outbound","Mattapan Station via Grove Hall"
"280089","28","6","Outbound","Mattapan Station via Dudley Station"
"280095","28","9","Outbound","Mattapan Station via Dudley Station"
"290060","29","5","Inbound","Jackson Station via Blue Hill Ave."
"290062","29","1","Inbound","Jackson Station via Blue Hill Ave. & Franklin Field Housing"
"290065","29","_","Inbound","Ruggles Station via Jackson Station"
"290069","29","5","Outbound","Mattapan Station via Blue Hill Ave."
"290070","29","1","Outbound","Mattapan Station via Franklin Field Housing"
"290071","29","_","Outbound","Mattapan Station via Blue Hill Ave."
"300047","30","2","Inbound","Forest Hills Station via Roslindale Square"
"300048","30","2","Outbound","Mattapan Station via Roslindale Square"
"310068","31","_","Inbound","Forest Hills Station via Morton St."
"310069","31","_","Outbound","Mattapan Station via Morton St."
"320066","32","_","Inbound","Forest Hills Station via Hyde Park Ave."
"320067","32","_","Outbound","Cleary Square via Hyde Park Ave."
"320080","32","5ou","Outbound","River St. & Milton St. via Hyde Park Ave. & River St."
"320120","32","1","Outbound","Wolcott Square via Hyde Park Ave."
"320121","32","1","Inbound","Forest Hills Station via Hyde Park Ave."
"320123","32","9","Outbound","Wolcott Sq via Forest Hills"
"320124","32","9","Inbound","Townsend & Humboldt via Forest Hills"
"320125","32","3","Outbound","Wolcott Square via Hyde Park Ave."
"320126","32","3","Inbound","Forest Hills Station via Hyde Park Ave."
"320128","32","5","Inbound","Forest Hills Station via River St. & Hyde Park Ave."
"320129-1","32","C","Inbound","Ave Louis Pasteur via Forest Hills Station"
"320129-2","39","H","Inbound","Avenue Louis Pasteur"
"320130-1","39","Y","Outbound","Wolcott Sq via Forest Hills"
"320130-2","32","B","Outbound","Wolcott Sq"
"3250034","325","_","Outbound","Elm St. via I-93 (Express)"
"3250035","325","2","Outbound","Roosevelt Circle via I-93 (Express)"
"3250036","325","1","Inbound","Haymarket via I-93 (Express)"
"3250037","325","1","Outbound","Elm St. via I-93 (Express)"
"3250038","325","_","Inbound","Haymarket via I-93 (Express)"
"3250051","325","3","Inbound","Haymarket via I-93 (Express)"
"3250054","325","3","Outbound","Redstone via Medford (Express)"
"3260028","326","1","Outbound","West Medford via I-93 (Express)"
"3260032","326","2","Outbound","Medford Square via I-93 (Express)"
"3260045","326","_","Outbound","West Medford via I-93 (Express)"
"3260066","326","1","Inbound","Haymarket via I-93 (Express)"
"3260067","326","_","Inbound","Haymarket via I-93 (Express)"
"330049","33","4","Outbound","River St. & Milton St. via Hyde Park Ave. & River St."
"330058","33","6","Outbound","River St. & Milton St. via West Milton St."
"330061","33","5","Outbound","River St. & Milton St. via River St."
"330062","33","1","Outbound","River St. & Milton St. via River St."
"330065","33","5","Inbound","Mattapan Station via Reservation"
"330066","33","6","Inbound","Mattapan Station via West Milton St."
"330067","33","1","Inbound","Mattapan Station via West Milton St."
"330070","33","7","Inbound","Forest Hills Station via Cleary Square"
"330071","33","4","Inbound","Forest Hills Station via Cleary Square"
"340147","34","_","Outbound","Dedham Line via Washington St."
"340148","34","_","Inbound","Forest Hills via Washington St."
"340149","34","K","Inbound","Townsend & Humboldt via Forest Hills"
"340150","34","K","Outbound","Dedham Line via Forest Hills"
"340155-1","34","B","Inbound","Avenue Louis Pasteur via Forest Hills"
"340155-2","39","H","Inbound","Avenue Louis Pasteur"
"340156-1","39","X","Outbound","Dedham Line via Forest Hills"
"340156-2","34","A","Outbound","Dedham Line"
"34E0115","34E","6","Outbound","East Walpole via Washington St."
"34E0116","34E","6","Inbound","Forest Hills"
"34E0119","34E","9","Outbound","Walpole Center via Dedham Mall and Walpole St"
"34E0120","34E","7","Outbound","Walpole Center via Dedham Mall"
"34E0121","34E","7","Inbound","Forest Hills via Dedham Mall"
"34E0122","34E","5","Outbound","Walpole Center via Washington St. (Express to Lagrange)"
"34E0123","34E","1","Inbound","Forest Hills"
"34E0124","34E","4","Outbound","Walpole Center"
"34E0125","34E","2","Outbound","Walpole Center via Walpole St."
"34E0126","34E","9","Inbound","Forest Hills via Mall & Walpole St."
"34E0127","34E","T","Outbound","Walpole Center via Upland Woods and Walpole St"
"34E0128","34E","U","Outbound","Walpole Center via Dedham Mall and Upland Woods"
"34E0129","34E","1","Outbound","Walpole Center"
"34E0130","34E","5","Inbound","Forest Hills"
"34E0131","34E","U","Inbound","Forest Hills via Upland Woods and Dedham Mall"
"34E0132","34E","3","Outbound","Walpole Center via Dedham Mall (Express to Lagrange)"
"34E0133","34E","8","Outbound","East Walpole via Dedham Mall"
"34E0134","34E","Y","Inbound","Forest Hills via Upland Woods and Dedham Mall"
"34E0135","34E","8","Inbound","Forest Hills via Dedham Mall"
"34E0136","34E","4","Inbound","Forest Hills"
"3500111","350","5","Outbound","Burlington via Mall"
"3500113","350","3","Outbound","Burlington Mall via Arlington Center"
"3500114","350","4","Outbound","Burlington & Arlington Center"
"3500115","350","7","Outbound","Burlington via Middlesex Turnpike & Mall Rd."
"3500116","350","9","Outbound","Burlington & Arlington Center"
"3500117","350","9","Inbound","Arlington & Cambridge St."
"3500118","350","4","Inbound","Alewife Station & Arlington Center"
"3500119","350","5","Inbound","Alewife Station via Mall"
"350079","35","1","Outbound","Dedham Mall via Belgrade Ave."
"350080","35","1","Inbound","Forest Hills Station via Belgrade Ave."
"350081","35","3","Outbound","Dedham Mall via Centre St."
"350082","35","2","Inbound","Ave Louis Pasteur via Centre St."
"350083","35","_","Inbound","Forest Hills Station via Belgrade Ave."
"350084","35","_","Outbound","Stimson St. via Belgrade Ave."
"3510082","351","3","Inbound","Alewife Station via Mall Rd. (Express)"
"3510084","351","3ou","Outbound","Oak Park via Bedford Woods &  Mall Rd.(Express)"
"3520035","352","_","Inbound","Boston via I-93 (Express)"
"3520036","352","_","Outbound","Burlington via I-93 (Express)"
"3540033","354","5","Outbound","Woburn via Medford Square & I-93 (Express)"
"3540034","354","_","Inbound","Boston via Woburn Square & I-93 (Express)"
"3540035","354","_","Outbound","Woburn via Woburn Square & I-93 (Express)"
"3540036","354","5","Inbound","Boston via Medford Square & I-93 (Express)"
"3540037","354","4","Outbound","Burlington via Woburn Square & I-93 (Express)"
"3540047","354","3","Inbound","Boston via West Cummings & I-93 (Express)"
"3540048","354","3","Outbound","Woburn via West Cummings & I-93 (Express)"
"360144","36","9","Outbound","Charles River Loop via Forest Hills"
"360145","36","9","Inbound","Townsend & Humboldt via Forest Hills"
"360147","36","1ou","Outbound","Millennium Park via V.A. Hospital"
"360148","36","_","Outbound","Charles River via Belgrade Ave."
"360149","36","8","Inbound","Forest Hills Station via Belgrade Ave."
"360150","36","1","Inbound","Forest Hills Station via Belgrade Ave."
"360151","36","8","Outbound","V.A. Hospital via Belgrade Ave."
"360152","36","_","Inbound","Forest Hills Station via Belgrade Ave."
"360153","36","5","Inbound","Forest Hills Station via Belgrade Ave."
"360154","36","5ou","Outbound","Rivermoor Industrial Park via V.A. Hospital"
"360155-1","36","C","Inbound","Avenue Louis Pasteur via Forest Hills"
"360155-2","39","H","Inbound","Avenue Louis Pasteur"
"360156-1","39","W","Outbound","Charles River Loop via Forest Hills"
"360156-2","36","A","Outbound","Charles River Loop"
"370049","37","_","Outbound","Baker St. & Vermont St. via Belgrade Ave."
"370050","37","3","Outbound","LaGrange St. & Corey St. via Baker & Vermont"
"370051","37","_","Inbound","Forest Hills Station via Belgrade Ave."
"370052","37","3","Inbound","Forest Hills Station via Baker & Vermont"
"370053-1","37","B","Inbound","Avenue Louis Pasteur via Forest Hills"
"370053-2","39","H","Inbound","Avenue Louis Pasteur"
"370054-1","39","V","Outbound","Lagrange & Corey via Forest Hills"
"370054-2","37","D","Outbound","Lagrange & Corey"
"380076","38","_","Inbound","Forest Hills Station via Centre St."
"380078","38","7","Inbound","Forest Hills Station via Faulkner Hospital"
"380080","38","_","Outbound","Wren St. via Centre St."
"380081","38","7","Outbound","Baker & Vermont via Faulkner Hospital"
"380082-1","38","D","Inbound","Ave Louis Pasteur via JP Ctr"
"380082-2","39","H","Inbound","Avenue Louis Pasteur"
"380083","38","1","Outbound","Wren St. via Forest Hills"
"380084-1","38","C","Inbound","Ave Louis Pasteur via JP Ctr"
"380084-2","39","H","Inbound","Avenue Louis Pasteur"
"380085-1","39","U","Outbound","Wren St via Forest Hills"
"380085-2","38","A","Outbound","Wren St"
"390079","39","3ou","Outbound","Forest Hills Station via Huntington Ave."
"390088","39","3","Inbound","Back Bay Station via Copley Square"
"390091","39","7","Outbound","Forest Hills Station via Huntington Ave."
"390092","39","7","Inbound","Avenue Louis Pasteur"
"400051","40","2","Inbound","Forest Hills Station via West Boundary Rd."
"400052","40","2","Outbound","Georgetowne via West Boundary Rd."
"400053","40","5","Inbound","Forest Hills Station via Roslindale Square"
"400054","40","_","Outbound","Georgetowne via West Boundary Rd."
"400055","40","_","Inbound","Forest Hills Station via West Boundary Rd."
"400056","40","5ou","Outbound","Cleary Square via Georgetowne"
"410045","41","1","Outbound","Centre St. & Eliot St. via Jackson Station"
"410054","41","_","Inbound","JFK/UMass Station via Jackson Station & Dudley Station"
"410055","41","_","Outbound","Centre St. & Eliot St. via Dudley Station & Jackson Station"
"4110056","411","8ou","Outbound","Jack Satter House"
"4110057","411","8","Inbound","Malden Station via Kennedy Drive"
"4110070","411","1","Inbound","Malden Station via Salem"
"4110071","411","1","Outbound","Kennedy Drive via Salem"
"420029","42","1","Outbound","Forest Hills Station via Washington St."
"420044","42","1","Inbound","Dudley Station via Washington St."
"4240040","424","6","Inbound","Wonderland via Western"
"4240041","424","_","Outbound","Eastern & Essex via Western Ave. (Express)"
"4260077","426","1","Outbound","West Lynn via Cliftondale"
"4260080","426","4","Outbound","Central Square via Summer St."
"4260082","426","2","Outbound","Central Square via Summer St."
"4260096","426","9","Outbound","Central Square via Cliftondale"
"4260123","426","_ou","Outbound","Central Square via Cliftondale"
"4260124","426","5ou","Outbound","Central Square via Cliftondale"
"4260125","426","7ou","Outbound","Central Square via Cliftondale"
"4260132","426","_","Inbound","Haymarket via Cliftondale"
"4260133","426","7","Inbound","Wonderland via Cliftondale"
"4260134","426","1","Inbound","Haymarket via Cliftondale"
"4260139","426","3","Outbound","Central Square via Summer St."
"4280019","428","_","Outbound","Oaklandvale via Cliftondale (Express)"
"4280020","428","_","Inbound","Haymarket via Cliftondale (Express)"
"4290127","429","_","Inbound","Central Square via Square One Mall & Myrtle St."
"4290128","429","_","Outbound","Northgate Shopping Center via Myrtle St. & Square One Mall"
"4290129","429","2","Outbound","Northgate Shopping Center via Myrtle St. & Square One Mall"
"4290130","429","2","Inbound","Central Square via Square One Mall & Myrtle St."
"4290131","429","4","Inbound","Central Square via Myrtle St."
"4290132","429","3","Outbound","Kings Lynn via Myrtle St."
"4290133","429","3","Inbound","Central Square via Myrtle St."
"4290134","429","5","Outbound","Kings Lynn via Myrtle St."
"4290136","429","1","Outbound","Northgate Shopping Center via Myrtle St."
"4290137","429","1","Inbound","Central Square via Myrtle St."
"4300043","430","1","Inbound","Malden Station via Square One Mall"
"4300044","430","1","Outbound","Saugus Center via Square One Mall"
"4300049","430","6","Outbound","Saugus Center"
"4300050","430","6","Inbound","Malden Station"
"4300051","430","2","Outbound","Saugus Center via Square One Mall"
"4300052","430","2","Inbound","Malden Station via Square One Mall"
"4300061","430","7","Outbound","Square One Mall"
"430029","43","_","Inbound","Park St. & Tremont St."
"430031","43","_","Outbound","Ruggles via Tremont St."
"4340026","434","_","Inbound","Haymarket via Goodwins Circle & Western Ave. (Express)"
"4340028","434","_","Outbound","Peabody Square via Western Ave. & Goodwins Circle (Express)"
"4350029","435","2","Inbound","Central Square via Euclid Ave."
"4350030","435","3","Inbound","Central Square via Pine Hill"
"4350048","435","3","Outbound","Peabody Square via Pine Hill"
"4350079","435","5","Outbound","Danvers Square via Malls & Euclid Ave."
"4350080","435","_","Outbound","Liberty Tree Mall via Euclid Ave. & North Shore Mall"
"4350081","435","6","Inbound","Neptune Towers via Central Sq"
"4350082","435","4","Inbound","Central Square via Malls & Euclid Ave."
"4350083","435","6","Outbound","Liberty Tree Mall via Euclid Ave. & North Shore Mall"
"4350084","435","4ou","Outbound","Liberty Tree Mall via Euclid Ave. & Danvers"
"4350085","435","_","Inbound","Central Square via Malls & Euclid Ave."
"4350086","435","1","Outbound","Liberty Tree Mall via Pine Hill & North Shore Mall"
"4350087","435","1","Inbound","Neptune Towers via Pine Hill and Central Sq"
"4360049","436","2","Inbound","Central Square via Wyoma & Lynnfield St."
"4360062","436","8","Inbound","West Lynn Garage via Central Square"
"4360063","436","9","Inbound","West Lynn Garage via Central Square"
"4360080","436","3","Inbound","Neptune Towers via Central Sq"
"4360104","436","_","Outbound","Liberty Tree via North Shore Mall & Lynnfield St."
"4360105","436","_","Inbound","Central Square, Lynn via Malls & Lynnfield St."
"4360106","436","2","Outbound","Goodwin Circle"
"4360107","436","3","Outbound","Goodwin Circle"
"4360108","436","1","Inbound","Central Square, Lynn via Centennial Park & Lynnfield St."
"4360109","436","1","Outbound","North Shore Mall via Centennial Park & Lynnfield St."
"4390041","439","3","Outbound","Nahant via Central Square"
"4390042","439","_","Outbound","Nahant via Castle Rd."
"4390043","439","2","Outbound","Nahant via Castle Rd."
"4390048","439","_","Inbound","Central Square via Castle Rd."
"4390049","439","3","Inbound","Wonderland via Central Square"
"440060","44","2","Outbound","Jackson Square via Humboldt Ave."
"440077","44","1","Outbound","Jackson Square via Humboldt Ave."
"440078","44","3","Outbound","Jackson Square via Humboldt Ave."
"440086","44","1","Inbound","Ruggles Station via Humboldt Ave."
"440087","44","3","Inbound","Ruggles Station via Humboldt Ave."
"4410104","441","7","Outbound","Marblehead via Central Square & Paradise Rd."
"4410108","441","9","Outbound","Marblehead via Central Square & Paradise Rd."
"4410117","441","7","Inbound","Wonderland via Paradise Rd. & Central Square"
"4410119","441","9","Inbound","West Lynn via Paradise Rd. & Central Square"
"4410122","441","8","Inbound","Wonderland via Paradise Rd. & Central Square"
"4410123","441","8","Outbound","Vinnin Sq via Central Sq & Paradise Rd"
"4420072","442","1","Outbound","Central Square via Lynnway"
"4420099","442","7","Outbound","Marblehead via Central Sq and Humphrey St"
"4420103","442","1","Inbound","Wonderland via Lynnway"
"4420104","442","9","Outbound","Marblehead via Central Sq and Humphrey St"
"4420123","442","7","Inbound","Wonderland via Central Square & Humphrey"
"4420124","442","9","Inbound","West Lynn via Central Square & Humphrey"
"4420125","442","8","Outbound","Vinnin Sq via Central Sq & Humphrey St"
"4420127","442","8","Inbound","Wonderland via Central Square & Humphrey"
"4480024","448","1","Outbound","Marblehead via Paradise Rd. & Central Square (Express)"
"4480025","448","2","Outbound","Marblehead via Paradise Rd. & Central Square (Express)"
"4480029","448","_","Inbound","Downtown Express via Airport and Paradise Rd."
"4490028","449","1","Outbound","Marblehead via Humphrey St. & Central Square (Express)"
"4490029","449","2","Outbound","Marblehead via Humphrey St. & Central Square (Express)"
"4490033","449","_","Inbound","Downtown Express via Airport and Humphrey St."
"4500070","450","9no","Outbound","Salem Depot via Western Ave."
"4500084","450","8","Outbound","Salem Depot via Western Ave."
"4500085","450","7","Outbound","Salem Depot via Western Ave."
"4500088","450","7","Inbound","Wonderland via Western"
"4500089","450","9","Inbound","West Lynn via Western"
"4500090","450","8","Inbound","Haymarket via Western Ave."
"450050","45","2","Inbound","Malcolm X Blvd. via Blue Hill Ave."
"450081","45","1","Outbound","Ashmont Station via Blue Hill Ave."
"450082","45","_","Inbound","Ruggles Station via Blue Hill Ave."
"450083","45","_","Outbound","Franklin Park via Blue Hill Ave."
"450084","45","3","Outbound","Franklin Park via Blue Hill Ave."
"450085","45","3","Inbound","Ruggles Station via Blue Hill Ave."
"450086","45","1","Inbound","Ruggles Station via Blue Hill Ave."
"4510027","451","_","Inbound","Salem Depot via Cummings Center & Cabot St."
"4510032","451","1","Inbound","Salem Depot via Tozer Rd. & Cummings Center"
"4510033","451","1","Outbound","North Beverly via Tozer Rd."
"4510034","451","_","Outbound","North Beverly via Cabot St. & Cummings Center"
"4550105","455","5","Inbound","Wonderland via Western Ave."
"4550120","455","3","Inbound","West Lynn via Central Square"
"4550121","455","6","Outbound","Salem Depot via Loring Ave. & Central Square"
"4550122","455","9","Outbound","Salem Depot via Central Square & Loring Ave."
"4550123","455","8","Outbound","Salem Depot via Central Square & Loring Ave."
"4550124","455","7","Outbound","Salem Depot via Central Square & Loring Ave."
"4550128","455","4","Outbound","Salem Depot via Central Square & Loring Ave."
"4550131","455","7","Inbound","Wonderland via Loring Ave. & Central Square"
"4550132","455","8","Inbound","West Lynn via Central Square"
"4550133","455","6","Inbound","Wonderland via Loring Ave. & Central Square"
"4560034","456","9","Outbound","Salem Depot via Eastern & Highland"
"4560035","456","_","Outbound","Salem Depot via Eastern & Highland"
"4560038","456","_","Inbound","Central Square via Highland & Eastern"
"4590023","459","_","Outbound","Salem Depot via Logan Airport & Central Square (Express)"
"4590024","459","_","Inbound","Downtown Crossing via Central Square & Logan Airport (Express)"
"4650017","465","1","Outbound","Danvers Square via North & Margin"
"4650024","465","_","Inbound","Salem Depot via Malls & Peabody Square"
"4650028","465","_ou","Outbound","Danvers Square via Peabody Square & Malls"
"4650029","465","1","Inbound","Salem Depot via North & Margin"
"470103","47","8","Outbound","Central Square, Cambridge via Longwood & Boston Medical Center"
"470104","47","8","Inbound","Broadway Station via Boston Medical Center"
"470105","47","3","Outbound","Central Square, Cambridge via Longwood & Boston Medical Center"
"470106","47","3","Inbound","Boston Medical Center via Dudley Station"
"500026","50","_","Outbound","Cleary Square via Roslindale Square"
"500027","50","_","Inbound","Forest Hills Station via Roslindale Square"
"5010047","501","_","Inbound","Downtown via Mass. Pike (Express)"
"5010048","501","1","Inbound","Downtown via Mass. Pike (Express)"
"5010049","501","3","Inbound","Downtown via Mass. Pike (Express)"
"5010054","501","_ou","Outbound","Brighton via Mass. Pike (Express)"
"5010055","501","1","Outbound","Brighton via Mass. Pike (Express)"
"5020017","502","_","Inbound","Copley Square via Newton Corner & Mass. Pike (Express)"
"5020031","502","_","Outbound","Watertown via Newton Corner & Mass. Pike (Express)"
"5030025","503","_","Inbound","Copley Square via Oak Square & Mass. Pike (Express)"
"5030026","503","_ou","Outbound","Brighton Center via Mass. Pike & Cambridge St. (Express)"
"5030027","503","1","Inbound","Copley Square via Mass. Pike (Express)"
"5030034","503","1ou","Outbound","Brighton Center via Mass. Pike & Oak Square (Express)"
"5040031","504","2","Inbound","Downtown via Copley Square & Newton Corner & Mass. Pike (Express)"
"5040040","504","_","Inbound","Downtown via Newton Corner & Mass. Pike (Express)"
"5040049","504","2ou","Outbound","Watertown via Copley Square & Newton Corner & Mass. Pike (Express)"
"5040050","504","_","Outbound","Watertown via Newton Corner & Mass. Pike (Express)"
"5050035","505","1","Inbound","Downtown via Mass. Pike (Express)"
"5050036","505","_","Inbound","Downtown via Mass. Pike (Express)"
"5050038","505","_ou","Outbound","Central Square via Waltham & Mass. Pike (Express)"
"5050039","505","1ou","Outbound","Central Square via Waltham & Mass. Pike (Express)"
"510060","51","1","Inbound","Forest Hills Station via Putterham"
"510062","51","_","Outbound","Cleveland Circle via Putterham"
"510063","51","_","Inbound","Forest Hills Station via Putterham"
"510064","51","9ou","Outbound","Union Sq, Allston via Reservoir"
"510065","51","9","Inbound","Forest Hills via Reservoir"
"520092","52","_","Outbound","Charles River via Parker St."
"520093","52","4","Outbound","Charles River via Parker St. & Newton Corner"
"520138","52","6","Outbound","Charles River via Winchester St."
"520144","52","7","Inbound","Watertown Yard via Winchester St."
"520145","52","1","Outbound","Dedham Mall via Parker St."
"520146","52","1","Inbound","Watertown Yard via Parker St."
"520147","52","7","Outbound","Dedham Mall via Winchester St."
"520148","52","5","Inbound","Watertown Yard via Parker St."
"520149","52","4","Inbound","Watertown Yard via Parker St."
"520150","52","_","Inbound","Watertown Yard via Parker St."
"520151","52","5","Outbound","Dedham Mall via Parker St."
"550026","55","_","Outbound","Queensberry St. via Ipswich St."
"550039","55","1ou","Outbound","Queensberry St. via Copley Station"
"550048","55","_","Inbound","Copley Station via Ipswich St."
"550050","55","1","Inbound","Park St. & Tremont St. via Copley Station"
"5530071","553","7","Outbound","Roberts via West Newton"
"5530076","553","7","Inbound","Newton Corner via West Newton"
"5530077","553","1ou","Outbound","Waltham via Copley & Newton (Express)"
"5530078","553","1","Inbound","Downtown via Newton Corner & Copley (Express)"
"5530079","553","_","Outbound","Roberts via Newton Corner & Mass. Pike (Express)"
"5530080","553","_","Inbound","Downtown via Newton Corner & Mass. Pike (Express)"
"5540041","554","_","Outbound","Waverley via Newton Corner & Mass. Pike (Express)"
"5540042","554","_","Inbound","Downtown via Newton Corner & Mass. Pike (Express)"
"5540043","554","2","Outbound","Waverley via Trapelo Rd. & Mass. Pike (Express)"
"5540044","554","2","Inbound","Downtown via Trapelo Rd. & Mass. Pike (Express)"
"5560031","556","7","Outbound","Highlands Waltham via Central Square"
"5560032","556","7","Inbound","Newton Corner via Central Square"
"5560033","556","_","Inbound","Downtown via Newton Corner & Mass. Pike (Express)"
"5560034","556","_","Outbound","Waltham Highland via Newton Corner & Mass. Pike (Express)"
"5580055","558","7ou","Outbound","Riverside via Bemis"
"5580056","558","_","Inbound","Downtown via Newton Corner & Mass. Pike (Express)"
"5580057","558","7","Inbound","Newton Corner via Bemis"
"5580058","558","_ou","Outbound","Riverside via Newton Corner & Mass. Pike (Express)"
"570058","57","_","Outbound","Watertown Yard via Brighton"
"570062","57","4","Inbound","Kenmore Station"
"570090","57","_","Inbound","Kenmore Station via Brighton"
"570111-1","57","G","Inbound","Ruggles via Kenmore"
"570111-2","08","D","Outbound","Ruggles"
"570113","57","8","Outbound","Watertown Yard via Kenmore Station"
"57A0031","57A","_","Outbound","Oak Square via Brighton"
"57A0032","57A","_","Inbound","Kenmore Station via Brighton"
"590018","59","2","Inbound","Watertown Square via Needham St."
"590028","59","_","Outbound","Needham Junction via Highland Ave."
"590029","59","_","Inbound","Watertown Square via Highland Ave."
"590030","59","2","Outbound","Needham Junction via Needham St."
"600062","60","3","Inbound","Brookline Village via Route 9"
"600077","60","3","Outbound","Chestnut Hill Mall via Cypress St."
"600080","60","4","Outbound","Chestnut Hill Mall via Cypress St."
"600087","60","_ou","Outbound","Chestnut Hill Mall via Cypress St."
"600088","60","_","Inbound","Kenmore Station via Cypress St."
"600089","60","2ou","Outbound","Chestnut Hill Mall via Cypress St."
"600090","60","2","Inbound","Kenmore Station via Cypress St."
"620063","62","8","Inbound","Alewife Station"
"620067","62","3","Outbound","Bedford V.A. via Lexington Center"
"620068","62","4","Outbound","Bedford Center via Lexington Center"
"620069","62","8","Outbound","Lexington Center via Arlington Heights"
"620073","62","4","Inbound","Alewife Station via Lexington Center"
"620074","62","3","Inbound","Alewife Station via Lexington Center"
"6270030","627","","Inbound","Alewife"
"6270032","627","","Outbound","Bedford V.A. via  Hanscomb A.F.B."
"640077","64","6","Outbound","Oak Square via North Beacon St."
"640078","64","_","Inbound","Central Square via North Beacon St."
"640082","64","6","Inbound","Kendall/MIT via North Beacon St. & Central Square"
"640085","64","_","Outbound","Oak Square via North Beacon St."
"640086","64","3","Outbound","Faneuil Square via North Beacon St."
"650061","65","_","Inbound","Kenmore Station via Washington St."
"650062","65","_ou","Outbound","Brighton Center via Washington St."
"660085","66","6","Inbound","Dudley Station via Allston"
"660086","66","6","Outbound","Harvard Square via Allston"
"660088","66","5","Outbound","Brighton Center via Brookline"
"660095","66","7","Inbound","Dudley Station via Allston"
"660097-1","57","E","Inbound","Franklin Pk via Union Sq"
"660097-2","66","C","Inbound","Franklin Pk via Dudley"
"660097-3","23","E","Inbound","Franklin Pk"
"660099-1","57","F","Inbound","Dudley via Union Sq"
"660099-2","66","B","Inbound","Dudley"
"660101-1","23","G","Inbound","Watertown Yard via Dudley"
"660101-2","66","B","Outbound","Watertown Yard via Union Sq"
"660101-3","57","C","Outbound","Watertown Yard"
"670031","67","4","Inbound","Alewife Station & Arlington Center"
"670036","67","4ou","Outbound","Turkey Hill & Arlington Center"
"680035","68","_","Inbound","Kendall/MIT via Broadway"
"680036","68","_","Outbound","Harvard Square via Broadway"
"690074","69","_","Outbound","Harvard Station via Cambridge St."
"690078","69","_","Inbound","Lechmere Station via Cambridge St."
"690079","69","1","Inbound","Lechmere Station via Cambridge St."
"700164","70","6","Inbound","Central Square, Cambridge via Arsenal St."
"700165","70","5","Inbound","Central Square, Cambridge via Arsenal St."
"700166","70","8","Inbound","Central Square, Cambridge via Arsenal St."
"700167","70","3","Inbound","Central Square, Cambridge via Arsenal St."
"700169","70","5","Outbound","Cedarwood via Watertown & Waltham"
"700170","70","8","Outbound","Waltham Center via Watertown"
"700171","70","6","Outbound","Market Place Drive via Watertown & Waltham"
"700172","70","2","Outbound","Watertown Square"
"700173","70","3","Outbound","Waltham Center via Watertown"
"7010055","701","1","Inbound","Boston Medical Center (Limited Stops)"
"7010057","701","_","Inbound","Boston Medical Center (Limited Stops)"
"7010058","701","_","Outbound","Central Square (Limited Stops)"
"7080058","708","1ou","Outbound","Beth Israel (Limited Stops)"
"7080059","708","_","Inbound","Andrew Station (Limited Stops)"
"7080061","708","2","Inbound","Andrew Station (Limited Stops)"
"7080062","708","2ou","Outbound","Boston Medical Center (Limited Stops)"
"7080063","708","1","Inbound","Andrew Station (Limited Stops)"
"7080064","708","_ou","Outbound","Beth Israel (Limited Stops)"
"70A0057","70A","1","Inbound","Central Square, Cambridge via Arsenal St."
"70A0058","70A","4","Inbound","Central Square, Cambridge via Arsenal St."
"70A0061","70A","4","Outbound","North Waltham via Watertown & Totten Pond Rd."
"70A0062","70A","1","Outbound","North Waltham via Watertown & Trapelo Rd."
"7100016","710","4","Outbound","Highland/Doonan (No Mall)"
"7100022","710","3","Outbound","Highland/Doonan"
"7100023","710","_","Outbound","Highland/Doonan"
"7100025","710","1","Outbound","Highland/Doonan"
"7100027","710","2","Outbound","Meadow Glen Mall"
"7100031","710","1","Inbound","Super Stop & Shop"
"7100032","710","_","Inbound","Wellington Station"
"7100033","710","4","Inbound","Wellington Station (No Mall)"
"710030","71","_","Outbound","Watertown Square via Mt. Auburn St."
"710031","71","1","Outbound","Watertown Square via Mt. Auburn St."
"710036","71","2","Outbound","Watertown Square via Mt. Auburn St."
"710043","71","1","Inbound","Harvard Station via Mt. Auburn St."
"710044","71","_","Inbound","Harvard Station via Mt. Auburn St."
"710045","71","2","Inbound","Harvard Station via Mt. Auburn St."
"7120039","712","1","Outbound","Winthrop Beach via Highlands"
"7120040","712","_","Outbound","Point Shirley via Highlands"
"7120041","712","1","Inbound","Orient Heights via Highlands"
"7120042","712","_","Inbound","Orient Heights via Highlands"
"7120043","712","2","Outbound","Point Shirley via Highlands"
"7120044","712","3","Outbound","Winthrop Beach via Highlands"
"7120045","712","2","Inbound","Orient Heights via Highlands"
"7120046","712","3","Inbound","Orient Heights via Highlands"
"7130020","713","1","Inbound","Orient Heights via Winthrop Ctr"
"7130021","713","_","Inbound","Orient Heights via Winthrop Ctr"
"7130022","713","_","Outbound","Point Shirley via Winthrop Ctr"
"7130023","713","1","Outbound","Winthrop Beach via Winthrop Ctr"
"7130028","713","2","Inbound","Orient Heights via Winthrop Ctr"
"7130029","713","2","Outbound","Point Shirley via Winthrop Ctr"
"7130030","713","3","Outbound","Winthrop Beach via Winthrop Ctr"
"7130031","713","3","Inbound","Orient Heights via Winthrop Ctr"
"7140001","714","1","Inbound","Station Street via Hull Medical Ctr"
"7140002","714","_","Outbound","Pemberton Point, Hull"
"7140003","714","2","Outbound","Pemberton Point via Washington Blvd"
"7140004","714","1","Outbound","Pemberton Point via Hull Medical Ctr"
"7140005","714","_","Inbound","Station Street, Hingham"
"7140006","714","2","Inbound","Station Street via Washington Blvd"
"7160001","716","_","Outbound","Cobbs Corner, Canton"
"7160006","716","_","Inbound","Mattapan Station"
"720047","72","_","Outbound","Huron Ave. via Concord Ave."
"720048","72","_","Inbound","Harvard Station via Concord Ave."
"720049","72","6","Inbound","Cambridge St. at Felton St."
"7250036","725","","Inbound","Harvard Square via Huron Ave."
"7250037","725","","Outbound","Belmont Center via Huron Ave."
"730082","73","_","Outbound","Waverley Square via Mt. Auburn"
"730085","73","1","Outbound","Waverley Square via Mt. Auburn"
"730096","73","2","Outbound","Waverley Square via Mt. Auburn"
"730100","73","1","Inbound","Harvard Station via Mt. Auburn"
"730101","73","_","Inbound","Harvard Station via Mt. Auburn"
"730102","73","2","Inbound","Harvard Station via Mt. Auburn"
"730103","73","4","Inbound","Harvard Station via Mt. Auburn"
"740035","74","_","Outbound","Belmont Center via Concord"
"740036","74","_","Inbound","Harvard Station via Concord Ave."
"7410021","741","_ou","Outbound","Logan Airport"
"7410022","741","_","Inbound","South Station"
"7410023","741","2","Inbound","South Station"
"7420015","742","1","Inbound","South Station"
"7420016","742","_","Outbound","Drydock"
"7420017","742","3","Outbound","Drydock"
"7420037","742","_","Inbound","South Station"
"7420038","742","3","Inbound","South Station"
"7420039","742","1","Outbound","Drydock"
"7430008","743","_","Outbound","Chelsea"
"7430009","743","_","Inbound","South Station"
"7430010","743","1","Inbound","South Station"
"7460006","746","_","Inbound","South Station"
"7460007","746","_","Outbound","Silver Line Way"
"7470030","747","_","Outbound","Sullivan via Kendall/MIT (Limited Stops)"
"7470031","747","_","Inbound","Ruggles via Kendall/MIT (Limited Stops)"
"7490022","749","_ou","Outbound","Dudley Station"
"7490023","749","_","Inbound","Downtown"
"750029","75","_","Outbound","Belmont Center via 700 Huron"
"750030","75","_","Inbound","Harvard via 700 Huron"
"7510024","751","_ou","Outbound","Dudley Station"
"7510025","751","_","Inbound","South Station"
"7510027","751","1ou","Outbound","Dudley Station"
"760060","76","4","Inbound","Alewife Station via Lexington Center"
"760061","76","3","Inbound","Alewife Station via Lexington Center"
"760062","76","_","Inbound","Alewife Station via Lexington Center"
"760074","76","_ou","Outbound","Hanscom Civil Airport via Lexington Center"
"760075","76","3ou","Outbound","Hanscom Civil Airport via Lexington Center"
"760076","76","4ou","Outbound","Five Forks via Lexington Center"
"770057","77","4","Inbound","Harvard Station via Mass. Ave."
"770097","77","_","Inbound","Harvard Station via Mass. Ave."
"770099","77","4","Outbound","North Cambridge"
"770103","77","_","Outbound","Arlington Heights via Mass. Ave."
"780086","78","2","Inbound","Harvard Station via Blanchard"
"780087","78","1","Inbound","Harvard Station via Park Circle & Blanchard"
"780088","78","1","Outbound","Arlmont Village via Park Circle & Blanchard"
"780089","78","2","Outbound","Arlington Heights via Park Circle"
"790038","79","_","Inbound","Alewife Station"
"790040","79","1","Inbound","Alewife Station"
"790043","79","_","Outbound","Arlington Heights via Mass. Ave."
"800058","80","_","Outbound","Arlington Center via Hillside"
"800061","80","_","Inbound","Lechmere Station via Hillside"
"810_0004","810_","","West","B - Boston College"
"810_0005","810_","","East","Lechmere"
"810t0003","810t","","West","B - Boston College"
"810t0004","810t","","East","Lechmere"
"813_0003","813_","","West","B - Boston College"
"813_0004","813_","","East","Park Street Station"
"813t0003","813t","","East","Park Street Station"
"813t0004","813t","","West","B - Boston College"
"830065","83","1","Outbound","Rindge Ave. via Porter Square"
"830067","83","2","Outbound","Rindge Ave. via Porter Square"
"830069","83","1","Inbound","Central Square via Porter Square"
"830_0003","830_","","West","C - Cleveland Circle"
"830_0004","830_","","East","Lechmere"
"830t0005","830t","","East","Lechmere"
"830t0006","830t","","West","C - Cleveland Circle"
"831_0008","831_","","West","C - Cleveland Circle"
"831_0009","831_","","East","North Station"
"831t0008","831t","","East","North Station"
"831t0009","831t","","West","C - Cleveland Circle"
"840033","84","1","Inbound","Alewife Station via Route 2"
"840034","84","2","Inbound","Alewife Station via Route 2"
"840037","84","1","Outbound","Arlmont Village via Route 2"
"840038","84","2","Outbound","Arlmont Village via Route 2"
"840_0004","840_","","West","D - Reservoir"
"840_0005","840_","","East","Lechmere"
"840t0004","840t","","West","D - Reservoir"
"840t0005","840t","","East","Lechmere"
"842_0007","842_","","East","Government Center"
"842t0007","842t","","East","Government Center"
"850054","85","_","Outbound","Spring Hill via Union Square"
"850055","85","_","Inbound","Kendall/MIT via Union Square"
"852_0012","852_","","East","Government Center"
"852_0013","852_","","West","D - Riverside"
"852t0013","852t","","East","Government Center"
"852t0014","852t","","West","D - Riverside"
"860087","86","_ou","Outbound","Sullivan Station via Harvard"
"860091","86","_","Inbound","Cleveland Circle via Harvard"
"870113","87","_","Outbound","Clarendon Hill via Davis"
"870114","87","_","Inbound","Lechmere via Union Square"
"870115","87","2","Outbound","Arlington Center via Davis"
"870116","87","2","Inbound","Lechmere via Davis"
"880056","88","1","Outbound","Clarendon Hill via Highland"
"880097","88","_","Outbound","Clarendon Hill via Highland"
"880105","88","3","Inbound","Davis Square Station via Holland"
"880109","88","_","Inbound","Lechmere via Highland"
"880_0012","880_","","East","Lechmere"
"880_0016","880_","","West","E - Heath Street"
"880t0014","880t","","East","Lechmere"
"880t0016","880t","","West","E - Heath Street"
"882_0008","882_","we","West","E - Heath Street"
"882t0008","882t","we","West","E - Heath Street"
"890030","89","_","Inbound","Sullivan Station via Broadway"
"890031","89","2","Inbound","Sullivan Station via Broadway"
"890040","89","1","Inbound","Sullivan Station via Broadway"
"890065","89","2","Outbound","Davis Square via Broadway"
"890066","89","_","Outbound","Clarendon Hill via Broadway"
"890068","89","4","Outbound","Clarendon Hill via Broadway & Davis"
"899_0005","899_","","West","Mattapan"
"899_0008","899_","","East","Ashmont"
"900038","90","_","Inbound","Wellington via Sullivan & Assembly"
"900039","90","_","Outbound","Davis Square via Assembly & Sullivan"
"903_0017","903_","","North","Oak Grove"
"903_0018","903_","","South","Forest Hills"
"910055","91","_","Outbound","Sullivan"
"910063","91","_","Inbound","Central"
"913_0010","913_","","South","Forest Hills"
"920098","92","3","Inbound","Downtown via Main St."
"920099","92","3","Outbound","Sullivan Station via Main St."
"920100","92","_","Inbound","Haymarket Square via Main St."
"920101","92","_","Outbound","Sullivan Station via Main St."
"920102","92","1","Inbound","Downtown via Main St."
"920103","92","1","Outbound","Assembly via Sullivan"
"930049","93","_","Inbound","Haymarket via Bunker Hill"
"930060","93","4","Inbound","Haymarket via Bunker Hill"
"930088","93","1","Inbound","Downtown via Bunker Hill"
"930089","93","2","Inbound","Downtown via Navy Yard"
"930097","93","_","Outbound","Sullivan via Bunker Hill"
"930098","93","1","Outbound","Sullivan via Bunker Hill"
"930099","93","2","Outbound","Sullivan via Navy Yard"
"931_0009","931_","","South","Ashmont"
"931_0010","931_","","North","Alewife"
"933_0009","933_","","South","Braintree"
"933_0010","933_","","North","Alewife"
"934_0001","934_","","North","Alewife"
"940059","94","1","Inbound","Davis Square Station via West Medford"
"940064","94","1","Outbound","Medford Square via West Medford"
"940066","94","2","Outbound","Medford Square via West Medford"
"946_0009","946_","","East","Wonderland"
"946_0010","946_","","West","Bowdoin"
"946_0013","946_","","West","Bowdoin"
"946_0014","946_","","East","Wonderland"
"948_0003","948_","","West","Bowdoin"
"948_0005","948_","","West","Bowdoin"
"950057","95","2","Outbound","West Medford via High St."
"950060","95","5","Outbound","Winthrop St. & Brooks St. via Medford Square"
"950090","95","_","Inbound","Sullivan Station via Mystic"
"950093","95","_","Outbound","West Medford via Mystic"
"950094","95","2","Inbound","Fellsway Garage via High St."
"950097","95","5","Inbound","Fellsway Garage via Winthrop"
"960052","96","_","Inbound","Harvard Station via Davis Square"
"960053","96","1","Inbound","Davis Square via George St."
"960056","96","1","Outbound","Medford Square via George St."
"960057","96","_","Outbound","Medford Square via Davis Square"
"970023","97","5","Outbound","Malden Station via Gateway Center & Hancock St."
"970024","97","5","Inbound","Wellington Station via Hancock St. & Gateway Center"
"990056","99","7","Inbound","Wellington Station via Malden Station"
"990060","99","8","Inbound","Wellington via Gateway Center"
"990061","99","1","Inbound","Malden Station via Highland Ave."
"990067","99","7","Outbound","Woodland Rd via Malden Station"
"990068","99","8","Outbound","Woodland Rd via Gateway Center & Malden Station"
