old_route_id_short,via_variant,old_direction,new_direction,replace_route_id,new_route_id_short
"245","8","Outbound","Quincy Center via Brook Rd & Alleyne St",0,
"01","_","Inbound","Dudley",1,"1"
"01","_","Outbound","Harvard",1,"1"
"04","_","Inbound","Tide St",1,"4"
"04","_","Outbound","North Station via South Station",1,"4"
"04","1","Inbound","Tide St via South Station",1,"4"
"04","1","Outbound","North Station",1,"4"
"05","_","Inbound","McCormack",1,"5"
"05","_","Outbound","City Point",1,"5"
"07","1","Inbound","Otis & Summer",1,"7"
"07","2","Inbound","Otis & Summer",1,"7"
"07","1","Outbound","City Point",1,"7"
"07","2","Outbound","City Point via East First St",1,"7"
"07","3","Inbound","Downtown via Harbor Industrial Park",1,"7"
"07","4","Outbound","City Point via Harbor Industrial Park",1,"7"
"07","7","Outbound","City Point via East First St",1,"7"
"08","1","Inbound","Kenmore",1,"8"
"08","1","Outbound","Harbor Point",1,"8"
"08","2","Outbound","Dudley",1,"8"
"08","3","Inbound","Kenmore",1,"8"
"08","3","Outbound","Ruggles",1,"8"
"08","9","Inbound","Kenmore via South Bay Center",1,"8"
"08","9","Outbound","Harbor Point via South Bay Center",1,"8"
"09","_","Inbound","Copley",1,"9"
"09","_","Outbound","City Point",1,"9"
"09","1","Outbound","City Point",1,"9"
"09","3","Inbound","Broadway",1,"9"
"09","4","Inbound","Kenmore via Boston Latin",1,"9"
"09","5","Outbound","City Point via Andrew",1,"9"
"10","_","Inbound","Copley",0,""
"10","_","Outbound","City Point",0,""
"100","_","Inbound","Fells Garage via Fellsway",0,""
"100","_","Outbound","Elm St",0,""
"100","1","Inbound","Wellington",0,""
"100","1","Outbound","Roosevelt Cir via Fellsway",0,""
"100","3","Inbound","Wellington",0,""
"100","3","Outbound","Elm St",0,""
"10","1","Inbound","Dudley",0,""
"10","1","Outbound","City Point",0,""
"101","_","Inbound","Sullivan",0,""
"101","_","Outbound","Stevens Square",0,""
"101","1","Inbound","Sullivan",0,""
"101","1","Outbound","Medford Square",0,""
"101","2","Outbound","Winthrop St & Brooks St",0,""
"101","3","Inbound","Sullivan",0,""
"101","3","Outbound","Malden",0,""
"101","4","Inbound","Sullivan",0,""
"101","4","Outbound","Malden",0,""
"101","8","Inbound","Sullivan",0,""
"10","2","Outbound","City Point",0,""
"10","3","Outbound","Andrew via Boston Medical Center",0,""
"10","4","Outbound","City Point",0,""
"104","_","Inbound","Sullivan",0,""
"104","_","Outbound","Malden",0,""
"10","5","Outbound","City Point",0,""
"105","1","Inbound","Sullivan",0,""
"105","1","Outbound","Malden",0,""
"10","6","Outbound","Andrew via South Bay Center",0,""
"106","_","Inbound","Wellington",0,""
"106","_","Outbound","Lebanon Loop",0,""
"106","3","Inbound","Wellington",0,""
"106","4","Inbound","Malden",0,""
"106","4","Outbound","Lebanon Loop",0,""
"106","5","Inbound","Malden",0,""
"106","5","Outbound","Linwood & Lynde",0,""
"106","6","Outbound","Linwood & Lynde",0,""
"106","7","Inbound","Wellington",0,""
"106","7","Outbound","Franklin Square",0,""
"106","8","Outbound","Lebanon Loop",0,""
"106","9","Outbound","Lebanon Loop",0,""
"106","F","Outbound","Franklin Square via Lebanon Loop",0,""
"10","8","Outbound","City Point",0,""
"108","1","Inbound","Wellington via Pearl St",0,""
"108","1","Outbound","Linden Square via Pearl St",0,""
"108","2","Outbound","Linden Square",0,""
"108","3","Outbound","Linden Square",0,""
"108","6","Inbound","Wellington",0,""
"108","6","Outbound","Linden Square",0,""
"108","7","Inbound","Malden",0,""
"108","7","Outbound","Linden Square",0,""
"108","8","Inbound","Malden",0,""
"10","9","Inbound","Copley via South Bay Center",0,""
"10","9","Outbound","City Point via South Bay Center",0,""
"109","_","Inbound","Sullivan",0,""
"109","_","Outbound","Linden Square",0,""
"109","1","Inbound","Sullivan",0,""
"109","1","Outbound","Glendale Square",0,""
"110","_","Inbound","Wellington",0,""
"110","_","Outbound","Wonderland",0,""
"110","2","Outbound","Woodlawn",0,""
"110","4","Inbound","Wellington",0,""
"110","4","Outbound","Broadway & Park",0,""
"110","9","Outbound","Ferry & Elm",0,""
"111","2","Inbound","Haymarket",0,""
"111","2","Outbound","Cary Square",0,
"111","5","Inbound","Haymarket",0,""
"111","5","Outbound","Woodlawn",0,""
"111","6","Inbound","Haymarket",0,""
"111","8","Inbound","Haymarket",0,""
"111","8","Outbound","Broadway & Park",0,""
"11","2","Inbound","Kneeland St",0,""
"11","2","Outbound","Bayview",0,""
"112","_","Inbound","Wood Island via Market Basket & Admiral's Hill",0,""
"112","_","Outbound","Wellington via Admiral's Hill & Market Basket",0,""
"112","1","Inbound","Wood Island via Soldiers' Home & Admiral's Hill",0,""
"112","1","Outbound","Wellington via Admiral's Hill & Soldiers' Home",0,""
"112","2","Outbound","Wellington via Central Ave & Admiral's Hill",0,""
"11","3","Inbound","Downtown",0,""
"11","3","Outbound","Bayview",0,""
"11","4","Inbound","Downtown",0,""
"114","_","Inbound","Maverick",0,""
"114","_","Outbound","Bellingham Square",0,""
"114","1","Inbound","Maverick",0,""
"114","1","Outbound","Market Basket",0,""
"114","2","Inbound","Maverick",0,""
"116","4","Inbound","Maverick",0,""
"116","4","Outbound","Wonderland",0,""
"116","7","Inbound","Maverick",1,"116117"
"116","7","Outbound","Bellingham Square",1,"116117"
"116","9","Outbound","Wonderland",0,""
"117","_","Inbound","Haymarket via Maverick",0,""
"117","1","Outbound","Logan Airport Terminal C",0,""
"117","2","Outbound","Maverick",0,""
"117","5","Inbound","Maverick",0,""
"117","5","Outbound","Wonderland",0,""
"117","9","Inbound","Broadway & Central",0,""
"119","1","Inbound","Beachmont",0,""
"119","1","Outbound","Northgate",0,""
"119","2","Inbound","Beachmont",0,""
"119","2","Outbound","Linden Square",0,""
"119","3","Inbound","Beachmont via Beach St and Tomasello Way",0,""
"119","3","Outbound","Northgate via Beach St and Tomasello Way",0,""
"120","_","Inbound","Maverick via Jeffries Point",0,""
"120","_","Outbound","Orient Heights",0,""
"120","1","Inbound","Maverick",0,""
"120","1","Outbound","Orient Heights",0,""
"120","4","Outbound","Orient Heights",0,""
"120","5","Outbound","Orient Heights",0,""
"120","6","Outbound","Orient Heights",0,""
"121","_","Inbound","Maverick",0,""
"121","_","Outbound","Wood Island",0,""
"121","2","Inbound","Maverick",0,""
"121","2","Outbound","Eagle Square",0,""
"131","_","Inbound","Oak Grove via East Side",0,""
"131","_","Outbound","Melrose Highlands via East Side",0,""
"131","1","Outbound","Melrose Highlands",0,""
"131","2","Inbound","Malden",0,""
"131","2","Outbound","Melrose Highlands",0,""
"131","3","Inbound","Malden",0,""
"131","4","Inbound","Oak Grove",0,""
"131","4","Outbound","Melrose Highlands",0,""
"132","_","Inbound","Malden",0,""
"132","_","Outbound","Redstone",0,""
"134","1","Inbound","Wellington via Veterans Senior Center",0,""
"134","2","Inbound","Wellington via Veterans Senior Center",0,""
"134","2","Outbound","North Woburn via Veterans Senior Center",0,""
"134","3","Inbound","Wellington",0,""
"134","3","Outbound","North Woburn",0,""
"134","4","Inbound","Middlesex Ave & Second St",0,""
"134","4","Outbound","Winthrop & Brooks",0,""
"134","5","Inbound","Wellington",0,""
"134","5","Outbound","North Woburn",0,""
"134","6","Inbound","Wellington",0,""
"134","6","Outbound","Winthrop St",0,""
"134","7","Inbound","Wellington",0,""
"134","7","Outbound","Medford Square",0,""
"134","9","Inbound","Wellington",0,""
"134","9","Outbound","Woburn Square",0,""
"134","C","Inbound","Wellington",0,""
"134","C","Outbound","Winthrop St",0,""
"136","3","Inbound","Oak Grove",0,""
"136","3","Outbound","Wakefield Square",0,""
"136","4","Inbound","Malden",0,""
"136","4","Outbound","Wakefield Square",0,""
"136","5","Inbound","Malden",0,""
"136","5","Outbound","Reading Depot",0,""
"137","3","Inbound","Malden",0,""
"137","3","Outbound","Reading Depot",0,""
"14","_","Inbound","Heath St",0,""
"14","_","Outbound","Roslindale Square",0,""
"14","1","Inbound","Dudley",0,""
"14","1","Outbound","Roslindale Square",0,""
"14","2","Inbound","Heath St",0,""
"14","2","Outbound","Dudley",0,""
"15","_","Inbound","Ruggles",0,""
"15","_","Outbound","Kane Square",0,""
"15","1","Inbound","Ruggles",0,""
"15","1","Outbound","Fields Corner",0,""
"15","2","Inbound","Ruggles",0,""
"15","2","Outbound","St Peter's Square",0,""
"15","3","Inbound","Dudley",0,""
"15","3","Outbound","Kane Square",0,""
"15","4","Inbound","Dudley via Fields Corner",0,""
"15","5","Outbound","Kane Square",0,""
"15","6","Outbound","Fields Corner",0,""
"16","_","Inbound","Andrew",0,""
"16","2","Inbound","UMass",0,""
"16","2","Outbound","Forest Hills",0,""
"16","3","Inbound","Andrew",0,""
"16","3","Outbound","Forest Hills",0,""
"16","6","Inbound","Dudley",0,""
"16","7","Outbound","Forest Hills",0,""
"16","8","Inbound","UMass via South Bay Center",0,""
"16","8","Outbound","Forest Hills via South Bay Center",0,""
"16","9","Inbound","Andrew via South Bay Center",0,""
"16","9","Outbound","Forest Hills via South Bay Center",0,""
"17","_","Inbound","Andrew",0,""
"17","_","Outbound","Fields Corner",0,""
"170","_","Outbound","Waltham Central Square",0,""
"170","3","Inbound","Dudley (Express)",0,""
"171","_","Outbound","Logan Airport via Andrew",0,""
"18","_","Inbound","Andrew",0,""
"18","_","Outbound","Ashmont",0,""
"19","_","Inbound","Ruggles",0,""
"19","_","Outbound","Fields Corner",0,""
"19","1","Outbound","Fields Corner",0,""
"191","_","Inbound","Haymarket via Dudley & Fields Corner",1,"15"
"191","_","Outbound","Mattapan via Dudley & Fields Corner",1,"15"
"19","2","Inbound","Ruggles",0,""
"192","_","Inbound","Haymarket via Forest Hills",1,"39"
"192","_","Outbound","Forest Hills",1,"39"
"19","3","Inbound","Kenmore",0,""
"19","3","Outbound","Fields Corner",0,""
"193","_","Inbound","Haymarket via Kenmore",1,"57"
"193","_","Outbound","Watertown via Kenmore",1,"57"
"19","4","Inbound","Louis Pasteur Ave",0,""
"19","4","Outbound","Adams & Gallivan",0,""
"194","_","Inbound","Haymarket via Sullivan",1,"8993"
"194","_","Outbound","Clarendon Hill via Sullivan",1,"8993"
"19","5","Outbound","Adams & Gallivan",0,""
"201","_","Inbound","Fields Corner via Adams St",0,""
"201","_","Outbound","Adams & Gallivan via Neponset Ave",0,""
"201","3","Outbound","Quincy Garage via Neponset Ave & Hancock St",0,""
"201","7","Inbound","Fields Corner via Keystone Apts",0,""
"201","7","Outbound","North Quincy via Neponset Ave & Puritan Mall",0,""
"201","8","Inbound","Fields Corner via Adams St",0,""
"201","8","Outbound","Keystone Apts via Neponset Ave",0,""
"201","9","Inbound","Fields Corner via Adams St",0,""
"201","9","Outbound","Keystone Apts via Neponset Ave & Puritan Mall",0,""
"202","3","Inbound","Fields Corner via Neponset Ave",0,""
"202","4","Inbound","Fields Corner via Neponset Ave",0,""
"202","4","Outbound","Hallet Square via Adams St",0,""
"202","5","Inbound","Fields Corner via Neponset Ave & Puritan Mall",0,""
"202","5","Outbound","Keystone Apts via Adams St",0,""
"202","6","Inbound","Fields Corner via Neponset Ave",0,""
"202","6","Outbound","Keystone Apts via Adams St",0,""
"202","7","Inbound","Fields Corner via Neponset Ave",0,""
"202","7","Outbound","North Quincy via Adams St & Keystone Apts",0,""
"202","8","Outbound","Quincy Garage via Hancock St",0,""
"21","_","Inbound","Forest Hills",0,""
"21","_","Outbound","Ashmont",0,""
"210","_","Inbound","North Quincy",0,""
"210","_","Outbound","Quincy Center",0,""
"210","1","Outbound","Braintree",0,""
"210","3","Inbound","Fields Corner",0,""
"210","3","Outbound","Quincy Center",0,""
"211","_","Outbound","Quincy Center",0,""
"211","_","Inbound","Squantum",0,""
"211","1","Inbound","Squantum",0,""
"211","2","Outbound","Quincy Center",0,""
"211","2","Inbound","Squantum",0,""
"211","3","Inbound","Squantum",0,""
"211","7","Outbound","Quincy Center via Billings Rd",0,""
"211","7","Inbound","Squantum via Billings Rd",0,""
"211","8","Outbound","Quincy Center via Billings Rd",0,""
"211","8","Inbound","Squantum via Billings Rd",0,""
"211","9","Inbound","Squantum",0,""
"212","2","Inbound","North Quincy",0,""
"212","2","Outbound","Quincy Center",0,""
"212","5","Inbound","North Quincy",0,""
"214","_","Inbound","Quincy Center",0,""
"214","_","Outbound","Germantown",0,""
"214","1","Inbound","Quincy Center via Coddington",0,""
"214","1","Outbound","Germantown via Coddington",0,""
"214","2","Inbound","Quincy Center via McGrath",0,""
"214","2","Outbound","Germantown via McGrath",0,""
"214","3","Outbound","Germantown",0,""
"214","4","Outbound","Germantown",0,""
"215","_","Inbound","North Quincy",0,""
"215","_","Outbound","Quincy Center",0,""
"215","1","Inbound","Ashmont",0,""
"215","1","Outbound","Quincy Center",0,""
"215","2","Outbound","Quincy Center",0,""
"215","3","Inbound","Fields Corner",0,""
"215","3","Outbound","Quincy Center",0,""
"215","4","Inbound","Ashmont",0,""
"215","7","Inbound","East Milton",0,""
"216","_","Inbound","Quincy Center",0,""
"216","_","Outbound","Houghs Neck",0,""
"216","1","Outbound","Houghs Neck",0,""
"216","2","Inbound","Quincy Center",1,"214216"
"216","2","Outbound","Houghs Neck via Germantown",1,"214216"
"216","3","Outbound","Houghs Neck",0,""
"216","4","Inbound","Quincy Center via McGrath",0,""
"216","4","Outbound","Houghs Neck via McGrath",0,""
"217","6","Outbound","Quincy Center",0,""
"217","7","Inbound","Ashmont",0,""
"217","7","Outbound","Quincy Center",0,""
"217","8","Outbound","Quincy Center via North Quincy",0,""
"217","9","Inbound","Ashmont",0,""
"217","9","Outbound","Quincy Center",0,""
"22","_","Inbound","Ruggles",0,""
"22","_","Outbound","Ashmont",0,""
"220","1","Inbound","Quincy Center via Fore River",0,""
"220","1","Outbound","Hingham Square via Fore River",0,""
"220","3","Inbound","Quincy Center",0,""
"220","3","Outbound","Hingham Square",0,""
"220","4","Inbound","Quincy Center",0,""
"220","4","Outbound","Hingham Square via Center",0,""
"220","5","Inbound","Quincy Center via Shipyard",0,""
"220","5","Outbound","Hingham Square via Shipyard",0,""
"220","9","Outbound","Hingham Square via Shipyard",0,""
"22","1","Outbound","Ashmont",0,""
"221","_","Inbound","Quincy Center",0,""
"221","_","Outbound","Fort Point",0,""
"22","2","Outbound","Ashmont",0,""
"222","_","Inbound","Quincy Center",0,""
"222","_","Outbound","East Weymouth",0,""
"222","1","Inbound","Quincy Center via Essex St",0,""
"222","1","Outbound","East Weymouth via Essex St",0,""
"222","9","Inbound","Quincy Center",0,""
"222","9","Outbound","Washington & Pleasant St Weymouth",0,
"22","3","Outbound","Ashmont",0,""
"225","_","Inbound","Quincy Center via Quincy Ave",0,""
"225","_","Outbound","Weymouth Landing via Quincy Ave",0,""
"225","1","Inbound","Quincy Center",0,""
"225","1","Outbound","Weymouth Landing",0,""
"225","2","Inbound","Quincy Center via Shaw St",0,""
"225","2","Outbound","Fore River Shipyard via Shaw St",0,""
"225","3","Inbound","Quincy Center",0,
"225","3","Outbound","Columbian Square",0,
"225","4","Inbound","Quincy Center via Shaw St",0,""
"225","4","Outbound","Weymouth Landing via Shaw St",0,""
"225","5","Inbound","Quincy Center via Shaw St",0,
"225","5","Outbound","Columbian Square via Shaw St",0,
"23","_","Inbound","Ruggles",0,""
"23","_","Outbound","Ashmont",0,""
"230","2","Inbound","Quincy Adams",0,""
"230","2","Outbound","Montello",0,""
"230","3","Inbound","Quincy Center",0,""
"230","3","Outbound","Montello",0,""
"230","5","Inbound","Quincy Center via Holbrook Court",0,""
"230","5","Outbound","Montello via Holbrook Court",0,""
"230","6","Inbound","Quincy Adams via Holbrook Court",0,""
"230","6","Outbound","Montello via Holbrook Court",0,""
"23","1","Outbound","Ashmont",0,""
"23","2","Inbound","Dudley",0,""
"23","2","Outbound","Ashmont",0,""
"23","3","Outbound","Ashmont",0,""
"23","4","Outbound","Franklin Park",0,""
"23","6","Inbound","Dudley",0,""
"236","2","Inbound","Quincy Center",0,""
"236","2","Outbound","South Shore Plaza",0,""
"236","3","Inbound","Quincy Center",0,""
"236","3","Outbound","Braintree",0,""
"238","_","Inbound","Quincy Center",0,""
"238","_","Outbound","Crawford Square",0,""
"238","1","Inbound","Quincy Center",0,""
"238","2","Inbound","Quincy Adams",0,""
"238","2","Outbound","Avon Square",0,""
"238","3","Outbound","Avon Square",0,""
"238","5","Outbound","Crawford Square",0,""
"238","6","Inbound","Quincy Adams",0,""
"238","6","Outbound","Crawford Square",0,""
"238","7","Inbound","Quincy Center",0,""
"238","7","Outbound","Crawford Square",0,""
"238","8","Inbound","Quincy Center",0,""
"238","8","Outbound","Avon Square",0,""
"238","9","Inbound","Quincy Center",0,""
"238","9","Outbound","Holbrook/Randolph",0,""
"238","A","Inbound","Quincy Adams",0,""
"238","A","Outbound","Holbrook/Randolph",0,""
"24","_","Inbound","Mattapan",0,""
"24","_","Outbound","Wakefield Ave",0,""
"240","_","Inbound","Ashmont",0,""
"240","_","Outbound","Crawford Square",0,""
"240","1","Inbound","Ashmont",0,""
"240","1","Outbound","Avon Square",0,""
"240","2","Inbound","Quincy Center via North Randolph",0,""
"240","2","Outbound","Crawford Square",0,""
"240","3","Inbound","Quincy Center via North Randolph",0,""
"240","3","Outbound","Holbrook/Randolph via Crawford Square",0,
"240","4","Outbound","Avon Square",0,
"240","7","Inbound","Quincy Center via North Randolph",0,""
"240","7","Outbound","Avon Square",0,""
"240","8","Outbound","Avon Square",0,
"240","9","Inbound","Ashmont",0,""
"240","9","Outbound","Holbrook/Randolph via Crawford Square",0,
"240","G","Inbound","Ashmont",0,""
"24","1","Outbound","Wakefield Ave",0,""
"24","2","Inbound","Ashmont",1,"2427"
"24","2","Outbound","Wakefield Ave",1,"2427"
"24","3","Inbound","Mattapan",0,""
"24","4","Inbound","Mattapan",0,""
"24","4","Outbound","Logan Square",0,""
"24","5","Inbound","Ashmont",1,"2427"
"245","_","Inbound","Mattapan",0,""
"245","_","Outbound","Quincy Center",0,""
"245","1","Inbound","Mattapan via Brook Rd",0,""
"245","1","Outbound","Quincy Center via Brook Rd",0,""
"245","2","Outbound","Quincy Center via Canton Ave",0,""
"245","3","Inbound","Hospital Hill",0,""
"245","5","Inbound","Beale & Newport",0,""
"245","7","Inbound","Hospital Hill",0,""
"245","9","Inbound","Mattapan via Brook Rd",0,""
"245","9","Outbound","Brook & Centre",0,""
"249","9","Inbound","South Station",0,""
"25","_","Inbound","Ruggles via Grove Hall",0,""
"25","_","Outbound","Franklin Park via Grove Hall",0,""
"26","1","Inbound","Gallivan Blvd via Norfolk St",0,""
"26","1","Outbound","Ashmont via Washington St",0,""
"26","2","Inbound","Gallivan Blvd via Washington St",0,""
"26","2","Outbound","Ashmont via Norfolk St",0,""
"27","_","Inbound","Ashmont",0,""
"27","_","Outbound","Mattapan",0,""
"274","_","Inbound","Long Island",0,""
"274","_","Outbound","Long Island",0,""
"275","1","Inbound","Downtown via Harrison",0,""
"275","1","Outbound","Long Island",0,""
"275","2","Outbound","Long Island",0,""
"275","3","Inbound","Washington & Kneeland",0,""
"275","5","Inbound","JFK/UMass",0,""
"275","8","Inbound","Washington & Kneeland",0,""
"275","8","Outbound","Long Island",0,""
"276","_","Outbound","Long Island",0,""
"276","5","Inbound","Boston Medical Center",0,""
"276","6","Inbound","Downtown Boston",0,""
"277","_","Inbound","Downtown via Park St",0,""
"28","_","Inbound","Ruggles",0,""
"28","_","Outbound","Mattapan",0,""
"28","2","Inbound","Dudley",0,""
"28","3","Outbound","Mattapan",0,""
"28","5","Inbound","Ruggles",0,""
"28","6","Outbound","Mattapan",0,""
"28","7","Inbound","Ruggles",0,""
"28","9","Outbound","Mattapan",0,""
"29","_","Inbound","Ruggles",0,""
"29","_","Outbound","Mattapan",0,""
"29","1","Inbound","Jackson via Franklin Field",0,""
"29","1","Outbound","Mattapan via Franklin Field",0,""
"29","5","Inbound","Jackson",0,""
"29","5","Outbound","Mattapan",0,""
"29","6","Outbound","Mattapan",0,""
"30","_","Inbound","Roslindale Square",0,""
"30","_","Outbound","Mattapan",0,""
"30","2","Inbound","Forest Hills",0,""
"30","2","Outbound","Mattapan",0,""
"31","_","Inbound","Forest Hills",0,""
"31","_","Outbound","Mattapan",0,""
"32","_","Inbound","Forest Hills",0,""
"32","_","Outbound","Cleary Square",0,""
"32","1","Inbound","Forest Hills",0,""
"32","1","Outbound","Wolcott Square",0,""
"32","3","Inbound","Forest Hills",0,""
"32","3","Outbound","Wolcott Square",0,""
"32","5","Inbound","Forest Hills via River St",1,"3233"
"32","5","Outbound","River & Milton St",1,"3233"
"325","_","Inbound","Haymarket (Express)",0,""
"325","_","Outbound","Elm St Medford (Express)",0,""
"325","1","Inbound","Haymarket (Express)",0,""
"325","1","Outbound","Elm St Medford (Express)",0,""
"325","2","Outbound","Roosevelt Cir (Express)",0,""
"326","_","Inbound","Haymarket (Express)",0,""
"326","_","Outbound","West Medford (Express)",0,""
"326","1","Inbound","Haymarket (Express)",0,""
"326","1","Outbound","West Medford (Express)",0,""
"326","2","Outbound","Medford Square (Express)",0,""
"32","9","Inbound","Townsend & Humboldt",0,""
"32","9","Outbound","Wolcott Square",0,""
"33","1","Inbound","Mattapan",0,""
"33","1","Outbound","River & Milton St",0,""
"33","4","Inbound","Forest Hills",0,""
"33","4","Outbound","River & Milton St",0,""
"33","5","Inbound","Mattapan",0,""
"33","5","Outbound","River & Milton St",0,""
"33","6","Inbound","Mattapan",0,""
"33","6","Outbound","River & Milton St",0,""
"33","7","Inbound","Forest Hills",0,""
"34","_","Inbound","Forest Hills",0,""
"34","_","Outbound","Dedham Line",0,""
"34E","1","Inbound","Forest Hills",0,""
"34E","1","Outbound","Walpole Center",0,""
"34E","2","Outbound","Walpole Center via Walpole St",0,""
"34E","3","Outbound","Walpole Center via Dedham Mall (Express to Lagrange)",0,""
"34E","4","Inbound","Forest Hills",0,""
"34E","4","Outbound","Walpole Center via Washington St",0,""
"34E","5","Inbound","Forest Hills",0,""
"34E","5","Outbound","Walpole Center (Express to Lagrange)",0,""
"34E","6","Inbound","Forest Hills",0,""
"34E","6","Outbound","East Walpole",0,""
"34E","7","Inbound","Forest Hills via Dedham Mall",0,""
"34E","7","Outbound","Walpole Center via Dedham Mall",0,""
"34E","8","Inbound","Forest Hills via Dedham Mall",0,""
"34E","8","Outbound","East Walpole via Dedham Mall",0,""
"34E","9","Inbound","Forest Hills via Mall & Walpole St",0,""
"34E","9","Outbound","Walpole Center via Dedham Mall",0,""
"34","K","Inbound","Townsend & Humboldt",0,""
"34","K","Outbound","Dedham Line",0,""
"34E","T","Outbound","Walpole Center via Walpole St",0,""
"34E","U","Inbound","Forest Hills via Dedham Mall",0,""
"34E","U","Outbound","Walpole Center via Dedham Mall",0,""
"34E","Y","Inbound","Forest Hills via Dedham Mall",0,""
"35","_","Inbound","Forest Hills",0,""
"35","_","Outbound","Stimson St",0,""
"350","3","Outbound","Burlington Mall",0,""
"350","4","Inbound","Alewife",0,""
"350","4","Outbound","Burlington",0,""
"350","5","Inbound","Alewife via Mall",0,""
"350","5","Outbound","Burlington via Mall",0,""
"350","6","Inbound","Alewife",0,""
"350","7","Outbound","Burlington via Mall Rd",0,""
"350","9","Inbound","Arlington Center",0,""
"350","9","Outbound","Burlington",0,""
"35","1","Inbound","Forest Hills",0,""
"35","1","Outbound","Dedham Mall",0,""
"351","3","Inbound","Alewife (Express)",0,""
"351","3","Outbound","Oak Park & Bedford Woods (Express)",0,""
"35","2","Inbound","Louis Pasteur Ave",0,""
"352","_","Inbound","Boston (Express)",0,""
"352","_","Outbound","Burlington (Express)",0,""
"35","3","Outbound","Dedham Mall",0,""
"354","_","Inbound","Boston (Express)",0,""
"354","_","Outbound","Woburn (Express)",0,""
"354","3","Inbound","Boston via West Cummings (Express)",0,""
"354","3","Outbound","Woburn via West Cummings (Express)",0,""
"354","4","Outbound","Burlington (Express)",0,""
"354","5","Inbound","Boston via Medford Square (Express)",0,""
"354","5","Outbound","Woburn via Medford Square (Express)",0,""
"355","_","Inbound","Boston via West Cummings",0,""
"355","_","Outbound","Mishawum via West Cummings (Express)",0,""
"36","_","Inbound","Forest Hills",0,""
"36","_","Outbound","Charles River Loop",0,""
"36","3","Outbound","Dedham Line",0,""
"36","4","Inbound","Forest Hills",0,""
"36","5","Inbound","Forest Hills",0,""
"36","5","Outbound","Rivermoor Industrial Park",0,""
"36","6","Outbound","Millennium Park via VA Hospital",0,""
"36","7","Inbound","Roslindale Square",0,""
"36","8","Inbound","Forest Hills",0,""
"36","8","Outbound","VA Hospital",0,""
"36","9","Inbound","Townsend & Humboldt",0,""
"36","9","Outbound","Charles River Loop",0,""
"37","_","Inbound","Forest Hills",0,""
"37","_","Outbound","Baker & Vermont St",0,""
"37","3","Inbound","Forest Hills",0,""
"37","3","Outbound","LaGrange & Corey St",0,""
"38","_","Inbound","Forest Hills",0,""
"38","_","Outbound","Wren St",0,""
"38","1","Outbound","Wren St",0,""
"38","2","Inbound","Louis Pasteur Ave",0,""
"38","3","Inbound","Louis Pasteur Ave",0,""
"38","7","Inbound","Forest Hills",1,"3738"
"38","7","Outbound","Baker & Vermont St",1,"3738"
"39","3","Inbound","Back Bay",0,""
"39","3","Outbound","Forest Hills",0,""
"39","7","Inbound","Longwood Ave",0,""
"39","7","Outbound","Forest Hills",0,""
"39","9","Outbound","Forest Hills",0,""
"40","_","Inbound","Forest Hills",0,""
"40","_","Outbound","Georgetowne",0,""
"40","5","Inbound","Forest Hills",1,"4050"
"40","5","Outbound","Cleary Square",1,"4050"
"41","_","Inbound","JFK/Umass",0,""
"41","_","Outbound","Centre & Eliot St",0,""
"41","1","Outbound","Centre & Eliot St",0,""
"411","1","Inbound","Malden",0,""
"411","1","Outbound","Granada Highlands",0,""
"411","8","Inbound","Malden",0,""
"411","8","Outbound","Revere House",0,""
"42","_","Inbound","Ruggles",0,""
"42","_","Outbound","Forest Hills",0,""
"42","1","Inbound","Dudley",0,""
"42","1","Outbound","Forest Hills",0,""
"424","_","Outbound","Eastern & Essex via Western Ave (Express)",0,""
"424","6","Inbound","Wonderland",0,
"426","_","Inbound","Haymarket via Cliftondale",0,""
"426","_","Outbound","Central Square via Cliftondale",0,""
"426","1","Inbound","Haymarket via Cliftondale",0,""
"426","1","Outbound","West Lynn via Cliftondale",0,""
"426","2","Outbound","Central Square",0,""
"426","3","Outbound","Central Square",0,""
"426","4","Outbound","Central Square",0,""
"426","5","Inbound","Haymarket via Cliftondale",0,""
"426","5","Outbound","Central Square via Cliftondale",0,""
"426","6","Inbound","Wonderland via Cliftondale",0,""
"426","7","Inbound","Wonderland via Cliftondale",0,""
"426","7","Outbound","Central Square via Cliftondale",0,""
"426","9","Outbound","Central Square via Cliftondale",0,""
"428","_","Inbound","Haymarket via Cliftondale (Express)",0,""
"428","_","Outbound","Oaklandvale via Cliftondale (Express)",0,""
"429","_","Inbound","Central Square via Square One Mall",0,""
"429","_","Outbound","Northgate Shopping Ctr via Square One Mall",0,""
"429","1","Inbound","Central Square",0,""
"429","1","Outbound","Northgate Shopping Ctr",0,""
"429","2","Inbound","Central Square via Square One Mall",0,""
"429","2","Outbound","Northgate Shopping Ctr via Square One Mall",0,""
"429","3","Inbound","Central Square",0,""
"429","3","Outbound","Kings Lynn",0,""
"429","4","Inbound","Central Square",0,""
"429","4","Outbound","Kings Lynn",0,""
"43","_","Inbound","Park & Tremont St",0,""
"43","_","Outbound","Ruggles",0,""
"430","1","Inbound","Malden via Square One Mall",0,""
"430","1","Outbound","Saugus Center via Square One Mall",0,""
"430","2","Inbound","Malden via Square One Mall & Granada",0,
"430","2","Outbound","Saugus Center via Granada & Square One Mall",0,
"430","5","Inbound","Malden",0,""
"430","5","Outbound","Saugus Center",0,""
"430","6","Inbound","Malden",0,""
"430","6","Outbound","Saugus Center",0,""
"430","7","Outbound","Square One Mall",0,""
"431","_","Inbound","Central Square",0,""
"431","_","Outbound","Neptune Towers",0,""
"434","_","Inbound","Haymarket via Goodwins Cir & Western Ave (Express)",0,""
"434","_","Outbound","Peabody Square via Western Ave & Goodwins Cir (Express)",0,""
"435","_","Inbound","Central Square via Malls",0,""
"435","_","Outbound","Liberty Tree Mall via North Shore Mall",0,""
"435","1","Inbound","Neptune Towers via Pine Hill & Central Square",0,""
"435","1","Outbound","Liberty Tree Mall via Pine Hill & N Shore Mall",0,""
"435","2","Inbound","Central Square",0,""
"435","3","Inbound","Central Square via Pine Hill",0,""
"435","3","Outbound","Peabody Square via Pine Hill",0,""
"435","4","Inbound","Central Square via Malls",0,""
"435","4","Outbound","Liberty Tree Mall via Danvers",0,""
"435","5","Outbound","Danvers Square via Malls",0,""
"436","_","Inbound","Central Square via Malls & Lynnfield St",0,""
"436","_","Outbound","Liberty Tree via North Shore Mall & Lynnfield St",0,""
"436","1","Inbound","Central Square via Lynnfield St",0,""
"436","1","Outbound","North Shore Mall via Lynnfield St",0,""
"436","2","Inbound","Central Square",0,""
"436","2","Outbound","Goodwin Circle",0,""
"436","8","Inbound","West Lynn Garage via Central Square",0,""
"436","9","Inbound","West Lynn Garage via Central Square",0,""
"439","_","Inbound","Central Square",0,""
"439","_","Outbound","Nahant",0,""
"439","1","Inbound","Central Square",0,""
"439","2","Outbound","Nahant",0,""
"439","9","Inbound","Vinnin Square via Central Square",0,""
"439","9","Outbound","Nahant via Central Square",0,""
"44","1","Inbound","Ruggles",0,""
"44","1","Outbound","Jackson Square",0,""
"441","_","Inbound","Haymarket via Paradise Rd & Central Square",0,""
"441","_","Outbound","Marblehead via Central Square & Paradise Rd",0,""
"441","6","Inbound","Wonderland via Paradise Rd & Central Square",0,""
"441","6","Outbound","Salem St & Humphrey",0,""
"441","7","Inbound","Wonderland via Paradise Rd & Central Square",0,""
"441","7","Outbound","Marblehead via Central Square & Paradise Rd",0,""
"441","9","Inbound","West Lynn via Paradise Rd & Central Square",0,""
"441","9","Outbound","Marblehead via Central Square & Paradise Rd",0,""
"44","2","Outbound","Jackson Square",0,""
"442","_","Inbound","Haymarket via Central Square & Humphrey",0,""
"442","_","Outbound","Marblehead via Central Square & Humphrey",0,""
"442","1","Inbound","Wonderland",1,"441442"
"442","1","Outbound","Central Square",1,"441442"
"442","6","Inbound","Wonderland via Central Square & Humphrey",0,
"442","6","Outbound","Salem St & Humphrey",0,""
"442","7","Inbound","Wonderland via Central Square & Humphrey",0,""
"442","7","Outbound","Marblehead via Central Square & Humphrey",0,""
"442","9","Inbound","West Lynn via Central Square & Humphrey",0,""
"442","9","Outbound","Marblehead via Central Square & Humphrey",0,""
"44","3","Inbound","Ruggles",0,""
"44","3","Outbound","Jackson Square",0,""
"448","_","Inbound","Downtown Express via Airport and Paradise Rd",0,""
"448","_","Outbound","Marblehead via Paradise and Airport (Express)",0,""
"448","1","Inbound","Downtown & Airport via Paradise Rd & Central Square (Express)",0,""
"448","1","Outbound","Marblehead via Paradise Rd & Central Square (Express)",0,""
"448","2","Inbound","Downtown & Airport via Paradise Rd & Central Square (Express)",0,""
"448","2","Outbound","Marblehead via Paradise Rd & Central Square (Express)",0,""
"449","_","Inbound","Downtown Express via Airport and Humphrey St",0,""
"449","_","Outbound","Marblehead via Humphrey St and Airport (Express)",0,""
"449","1","Inbound","Downtown & Airport via Humphrey St & Central Square (Express)",0,""
"449","1","Outbound","Marblehead via Humphrey St & Central Square (Express)",0,""
"449","2","Inbound","Downtown & Airport via Humphrey St & Central Square (Express)",0,""
"449","2","Outbound","Marblehead via Humphrey St & Central Square (Express)",0,""
"45","_","Inbound","Ruggles",0,""
"45","_","Outbound","Franklin Park",0,""
"450","_","Inbound","Haymarket",0,""
"450","_","Outbound","Salem Depot",0,""
"450","6","Inbound","Wonderland",0,
"450","7","Inbound","Wonderland",0,
"450","7","Outbound","Salem Depot",0,""
"450","8","Inbound","Haymarket",0,""
"450","9","Inbound","West Lynn Garage",0,""
"450","9","Outbound","Salem Depot",0,""
"45","1","Inbound","Ruggles",0,""
"45","1","Outbound","Ashmont",0,""
"451","_","Inbound","Salem Depot via Cabot St",0,""
"451","_","Outbound","North Beverly via Cabot St",0,""
"451","1","Inbound","Salem Depot via Tozer Rd",0,""
"451","1","Outbound","North Beverly via Tozer Rd",0,""
"451","2","Inbound","Salem Depot via Cabot St",0,""
"451","2","Outbound","Beverly Square via Cabot St",0,""
"45","2","Inbound","Malcolm X Blvd",0,""
"45","3","Inbound","Ruggles",0,""
"45","3","Outbound","Franklin Park",0,""
"455","_","Inbound","Haymarket via Central Square",0,""
"455","_","Outbound","Salem Depot via Central Square",0,""
"455","1","Inbound","Haymarket via Central Square",0,""
"455","2","Inbound","Central Square",0,""
"455","3","Inbound","West Lynn via Central Square",0,""
"455","3","Outbound","Eastern & Essex via Central Square",0,""
"455","4","Inbound","Central Square",0,""
"455","4","Outbound","Salem Depot via Central Square",0,""
"455","5","Inbound","Wonderland",0,
"455","6","Inbound","Wonderland via Central Square",0,
"455","7","Inbound","Wonderland via Central Square",0,
"455","7","Outbound","Salem Depot via Central Square",0,
"455","8","Inbound","West Lynn via Central Square",0,""
"455","8","Outbound","Salem Depot via Central Square",0,
"455","9","Inbound","West Lynn via Central Square",0,
"455","9","Outbound","Salem Depot via Central Square",0,""
"456","_","Inbound","Central Square",0,""
"456","_","Outbound","Salem Depot",0,""
"456","9","Outbound","Salem Depot",0,""
"459","_","Inbound","Downtown via Central Square & Airport (Express)",0,""
"459","_","Outbound","Salem Depot via Airport & Central Square (Express)",0,""
"465","_","Inbound","Salem Depot via Malls & Peabody Square",0,""
"465","_","Outbound","Danvers Square via Peabody Square & Malls",0,""
"468","_","Inbound","Salem Depot via North & Margin",0,""
"468","_","Outbound","Danvers Square via North & Margin",0,""
"47","3","Inbound","Boston Medical Center",0,""
"47","3","Outbound","Central Square",0,""
"47","8","Inbound","Broadway",0,""
"47","8","Outbound","Central Square",0,""
"48","_","Inbound","JP Loop via Jackson",0,""
"48","_","Outbound","JP Loop Monument via Green St",0,""
"50","_","Inbound","Forest Hills",0,""
"50","_","Outbound","Cleary Square",0,""
"500","_","Inbound","Downtown via Mass Pike",0,""
"500","_","Outbound","Riverside (Express)",0,""
"501","_","Inbound","Downtown (Express)",0,""
"501","_","Outbound","Brighton (Express)",0,""
"501","1","Inbound","Downtown (Express)",0,""
"501","1","Outbound","Brighton (Express)",0,""
"501","2","Inbound","Downtown (Express)",0,""
"501","3","Inbound","Downtown (Express)",0,""
"502","_","Inbound","Copley (Express)",0,""
"502","_","Outbound","Watertown (Express)",0,""
"503","_","Inbound","Copley (Express)",0,""
"503","_","Outbound","Brighton Center via Cambridge St (Express)",0,""
"503","1","Inbound","Copley (Express)",0,""
"503","1","Outbound","Brighton Center (Express)",0,""
"504","_","Inbound","Downtown (Express)",0,""
"504","_","Outbound","Watertown (Express)",0,""
"504","2","Inbound","Downtown via Copley (Express)",0,""
"504","2","Outbound","Watertown via Copley (Express)",0,""
"505","_","Inbound","Downtown (Express)",0,""
"505","_","Outbound","Waltham Central Square (Express)",0,""
"505","1","Inbound","Downtown (Express)",0,""
"505","1","Outbound","Waltham Central Square (Express)",0,""
"51","_","Inbound","Forest Hills",0,""
"51","_","Outbound","Reservoir",0,""
"51","1","Inbound","Forest Hills",0,""
"51","9","Inbound","Forest Hills",0,""
"51","9","Outbound","Union Square Allston",0,""
"52","_","Inbound","Watertown Yard",0,""
"52","_","Outbound","Charles River Loop",0,""
"52","1","Inbound","Watertown Yard",0,""
"52","1","Outbound","Dedham Mall",0,""
"52","3","Inbound","Newton Corner",0,""
"52","4","Inbound","Watertown Yard",0,""
"52","4","Outbound","Charles River Loop",0,""
"52","5","Inbound","Watertown Yard",0,""
"52","5","Outbound","Dedham Mall",0,""
"52","6","Outbound","Charles River via Winchester St",0,""
"52","7","Inbound","Watertown Yard via Winchester St",0,""
"52","7","Outbound","Dedham Mall via Winchester St",0,""
"52","8","Inbound","Brighton Center",0,""
"55","_","Inbound","Copley",0,""
"55","_","Outbound","Queensberry St",0,""
"55","1","Inbound","Park St via Copley",0,""
"55","1","Outbound","Queensberry St",0,""
"553","_","Inbound","Downtown (Express)",0,""
"553","_","Outbound","Roberts (Express)",0,""
"553","7","Inbound","Newton Corner",0,""
"553","7","Outbound","Roberts",0,""
"554","_","Inbound","Downtown (Express)",0,""
"554","_","Outbound","Waverley (Express)",0,""
"554","2","Inbound","Downtown via Trapelo Rd (Express)",0,""
"554","2","Outbound","Waverley via Trapelo Rd (Express)",0,""
"554","7","Outbound","Waverley",0,""
"554","7","Inbound","Newton Corner",0,""
"555","_","Inbound","Downtown via Copley",0,""
"555","_","Outbound","Riverside via Copley",0,""
"556","_","Inbound","Downtown (Express)",0,""
"556","_","Outbound","Waltham Highlands (Express)",0,""
"556","7","Inbound","Newton Corner",0,""
"556","7","Outbound","Waltham Highlands",0,""
"558","_","Inbound","Downtown (Express)",0,""
"558","_","Outbound","Riverside (Express)",0,""
"558","7","Inbound","Newton Corner",0,""
"558","7","Outbound","Riverside",0,""
"57","_","Inbound","Kenmore",0,""
"57","_","Outbound","Watertown Yard",0,""
"57","1","Inbound","Kenmore",1,"57A"
"57","1","Outbound","Oak Square",1,"57A"
"57","2","Outbound","Watertown Yard",0,""
"57","3","Inbound","Kenmore",0,""
"57","4","Inbound","Kenmore",0,""
"57","5","Inbound","Union Square Allston",0,""
"57","5","Outbound","Oak Square",0,""
"57","8","Outbound","Watertown Yard",0,""
"59","_","Inbound","Watertown Square",0,""
"59","_","Outbound","Needham Junction",0,""
"59","2","Inbound","Watertown Square via Needham St",0,""
"59","2","Outbound","Needham Junction via Needham St",0,""
"59","3","Outbound","Needham Junction",0,""
"60","_","Inbound","Kenmore",0,""
"60","_","Outbound","Chestnut Hill Mall",0,""
"60","2","Inbound","Kenmore",0,""
"60","2","Outbound","Chestnut Hill Mall",0,""
"60","3","Inbound","Brookline Village",0,""
"60","3","Outbound","Chestnut Hill Mall",0,""
"60","4","Outbound","Chestnut Hill Mall",0,""
"62","3","Inbound","Alewife",0,""
"62","3","Outbound","Bedford VA",0,""
"62","4","Inbound","Alewife",0,""
"62","4","Outbound","Bedford Center",0,""
"62","5","Outbound","Arlington Heights",0,""
"62","6","Outbound","Bedford VA (Express to Park Ave)",0,""
"627","_","Inbound","Alewife",0,
"627","_","Outbound","Bedford VA via Hanscom AFB",0,
"62","8","Inbound","Alewife",0,""
"62","8","Outbound","Lexington Center",0,""
"64","_","Inbound","University Park",0,""
"64","_","Outbound","Oak Square",0,""
"64","3","Outbound","Faneuil Square",0,""
"64","6","Inbound","Kendall/MIT",0,""
"64","6","Outbound","Oak Square",0,""
"65","_","Inbound","Kenmore",0,""
"65","_","Outbound","Brighton Center",0,""
"66","1","Inbound","Dudley via Allston",0,""
"66","1","Outbound","Union Square Allston via Brookline",0,""
"66","3","Outbound","Union Square Allston via Brookline",0,""
"66","5","Outbound","Brighton Center via Brookline",0,""
"66","6","Inbound","Dudley via Allston",0,""
"66","6","Outbound","Harvard via Allston",0,""
"66","7","Inbound","Dudley via Allston",0,""
"67","4","Inbound","Alewife & Arlington Center",0,""
"67","4","Outbound","Turkey Hill & Arlington Center",0,""
"68","_","Inbound","Kendall/MIT",0,""
"68","_","Outbound","Harvard",0,""
"68","1","Inbound","Kendall/MIT",0,""
"69","_","Inbound","Lechmere",0,""
"69","_","Outbound","Harvard",0,""
"69","1","Inbound","Lechmere",0,""
"70","_","Inbound","Central Square",0,""
"70","_","Outbound","Cedarwood",0,""
"70","1","Inbound","University Park",0,""
"70","1","Outbound","North Waltham",0,""
"708","_","Outbound","Beth Israel (Limited Stops)",0,""
"708","1","Inbound","Andrew (Limited Stops)",0,""
"708","1","Outbound","Beth Israel (Limited Stops)",0,""
"70","2","Outbound","Watertown Square",0,""
"70","3","Inbound","Central Square",0,""
"70","3","Outbound","Waltham Center",0,""
"70","4","Inbound","University Park",0,""
"70","4","Outbound","North Waltham",0,""
"70","5","Inbound","University Park",0,""
"70","5","Outbound","Cedarwood",0,""
"701","1","Inbound","Boston Medical Center (Limited Stops)",0,""
"708","_","Inbound","Andrew (Limited Stops)",0,""
"708","2","Inbound","Andrew (Limited Stops)",0,""
"708","2","Outbound","Boston Medical Center (Limited Stops)",0,""
"70A","1","Inbound","University Park",0,""
"70A","1","Outbound","North Waltham",0,""
"71","_","Inbound","Harvard",0,""
"71","_","Outbound","Watertown Square",0,""
"71","1","Inbound","Harvard",0,""
"71","1","Outbound","Watertown Square",0,""
"71","2","Inbound","Harvard",0,""
"71","2","Outbound","Watertown Square",0,""
"71","3","Inbound","Harvard",0,""
"710","_","Inbound","Wellington",0,""
"710","_","Outbound","Highland/Doonan",0,""
"710","1","Inbound","Super Stop & Shop",0,""
"710","1","Outbound","Highland/Doonan",0,""
"725","_","Outbound","Belmont Center via Huron Ave",0,""
"73","_","Inbound","Harvard",0,""
"73","1","Inbound","Harvard",0,
"73","1","Outbound","Waverley",0,
"73","_","Outbound","Waverley",0,""
"73","2","Inbound","Harvard",0,""
"73","2","Outbound","Waverley",0,""
"74","_","Inbound","Harvard",0,""
"74","_","Outbound","Belmont Center",0,""
"741","_","Inbound","South Station",0,""
"741","_","Outbound","Logan Airport",0,""
"741","2","Inbound","South Station",0,""
"742","_","Inbound","South Station",0,""
"742","_","Outbound","Drydock",0,""
"742","1","Inbound","South Station",0,""
"742","1","Outbound","Drydock",0,""
"742","3","Inbound","South Station",0,""
"742","3","Outbound","Drydock",0,""
"743","1","Inbound","South Station",0,""
"743","_","Inbound","South Station",0,""
"743","_","Outbound","Chelsea",0,""
"746","_","Inbound","South Station",0,""
"746","_","Outbound","Silver Line Way",0,""
"747","_","Inbound","Ruggles (Limited Stops)",0,""
"747","_","Outbound","Sullivan (Limited Stops)",0,""
"748","_","Inbound","Ruggles via Kendall/MIT (Limited Stops)",0,""
"748","_","Outbound","Sullivan via Kendall/MIT (Limited Stops)",0,""
"749","_","Inbound","Downtown",0,""
"749","_","Outbound","Dudley",0,""
"75","_","Inbound","Harvard",0,""
"75","_","Outbound","Belmont Center",0,""
"751","_","Inbound","South Station",0,""
"751","_","Outbound","Dudley",0,""
"76","_","Inbound","Alewife",0,""
"76","_","Outbound","Hanscom Civil Airport & Lincoln Lab",0,""
"76","3","Inbound","Alewife",0,""
"76","3","Outbound","Hanscom Civil Airport & Lincoln Lab",0,""
"76","4","Inbound","Alewife",0,""
"76","4","Outbound","Five Forks via Lexington Center",0,""
"77","_","Inbound","Harvard",0,""
"77","_","Outbound","Arlington Heights",0,""
"77","4","Inbound","Harvard",0,""
"77","4","Outbound","North Cambridge",0,""
"78","1","Inbound","Harvard",0,""
"78","1","Outbound","Arlmont Village",0,""
"78","2","Inbound","Harvard",0,""
"78","2","Outbound","Arlington Heights",0,""
"79","_","Inbound","Alewife",0,""
"79","_","Outbound","Arlington Heights",0,""
"79","1","Inbound","Alewife",0,""
"80","_","Inbound","Lechmere",0,""
"80","_","Outbound","Arlington Center",0,""
"80","1","Outbound","Arlington Center",0,""
"803_","_","East","Park Street",1,"Green-B"
"803_","w","West","Blandford Street",1,"Green-B"
"803t","_","East","Park Street",1,"Green-B"
"803t","_","West","Blandford Street",1,"Green-B"
"803t","w","West","Blandford Street",1,"Green-B"
"833_","_","East","Park Street",1,"Green-C"
"833_","w","West","Cleveland Circle",1,"Green-C"
"833t","_","East","Park Street",1,"Green-C"
"833t","_","West","Cleveland Circle",1,"Green-C"
"833t","w","West","Cleveland Circle",1,"Green-C"
"810_","_","East","Lechmere",1,"Green-B"
"810_","_","West","Boston College",1,"Green-B"
"811_","_","East","North Station",1,"Green-B"
"812_","_","East","Government Center",1,"Green-B"
"812_","_","West","Boston College",1,"Green-B"
"813_","_","East","Park Street",1,"Green-B"
"813_","_","West","Boston College",1,"Green-B"
"813_","w","West","Boston College",1,"Green-B"
"822_","_","East","Government Center",1,"Green-B"
"83","1","Outbound","Rindge Ave",0,
"83","2","Outbound","Rindge Ave",0,
"84","1","Inbound","Alewife",0,
"84","1","Outbound","Arlmont Village",0,
"830_","_","West","Cleveland Circle",1,"Green-C"
"831_","_","East","North Station",1,"Green-C"
"84","2","Inbound","Alewife",0,
"84","2","Outbound","Arlmont Village",0,
"831_","_","West","Cleveland Circle",1,"Green-C"
"842_","_","West","Reservoir",1,"Green-D"
"840_","_","East","Lechmere",1,"Green-D"
"840_","_","West","Reservoir",1,"Green-D"
"841_","_","East","North Station",1,"Green-D"
"841_","_","West","Reservoir",1,"Green-D"
"850_","_","East","Lechmere",1,"Green-D"
"851_","_","East","North Station",1,"Green-D"
"851_","_","West","Riverside",1,"Green-D"
"86","_","Outbound","Sullivan",0,
"86","7","Inbound","Reservoir",0,
"86","8","Outbound","Sullivan",0,""
"86","9","Inbound","Reservoir",0,""
"86","9","Outbound","Harvard",0,""
"87","_","Inbound","Lechmere",0,""
"87","_","Outbound","Clarendon Hill",0,""
"87","2","Inbound","Lechmere",0,""
"87","2","Outbound","Arlington Center",0,""
"870_","_","East","Lechmere",1,"Green-E"
"870_","_","West","Brigham Circle",1,"Green-E"
"872_","_","East","Government Center",1,"Green-E"
"872_","_","West","Brigham Circle",1,"Green-E"
"88","3","Outbound","Clarendon Hill",0,""
"880_","_","East","Lechmere",1,"Green-E"
"882_","_","East","Government Center",1,"Green-E"
"882_","_","West","Heath Street",1,"Green-E"
"880_","_","West","Heath Street",1,"Green-E"
"89","_","Inbound","Sullivan",0,
"89","_","Outbound","Clarendon Hill",0,
"89","2","Inbound","Sullivan",0,
"881_","_","East","North Station",1,"Green-E"
"881_","_","West","Heath Street",1,"Green-E"
"89","2","Outbound","Davis",0,""
"89","3","Inbound","Sullivan",0,""
"89","4","Outbound","Clarendon Hill via Davis",0,""
"899_","_","East","Ashmont",1,"Mattapan"
"899_","_","West","Mattapan",1,"Mattapan"
"90","_","Inbound","Wellington",0,""
"90","_","Outbound","Davis",0,""
"903_","_","North","Oak Grove",1,"Orange"
"903_","_","South","Forest Hills",1,"Orange"
"903_","n","North","Oak Grove",1,"Orange"
"903_n","_","North","Oak Grove",1,"Orange"
"904_","_","North","Sullivan",1,"Orange"
"904_","_","South","Forest Hills",1,"Orange"
"91","_","Outbound","Sullivan",0,
"9109","_","Inbound","Powderhouse Square via Broadway",0,""
"9111","_","Inbound","Main St & Bunker Hill",0,""
"92","_","Inbound","Haymarket",0,""
"92","_","Outbound","Sullivan",0,""
"92","1","Inbound","Downtown",0,
"92","1","Outbound","Assembly via Sullivan",0,
"913_","_","North","Oak Grove",1,"Orange"
"913_","_","South","Forest Hills",1,"Orange"
"92","3","Inbound","Downtown",0,""
"92","3","Outbound","Sullivan",0,""
"92","7","Inbound","Haymarket",0,""
"92","7","Outbound","Sullivan",0,""
"93","_","Inbound","Haymarket",0,""
"93","_","Outbound","Sullivan",0,""
"93","1","Inbound","Downtown",0,""
"93","1","Outbound","Sullivan",0,""
"93","2","Inbound","Downtown via Navy Yard",0,""
"93","2","Outbound","Sullivan via Navy Yard",0,""
"93","4","Inbound","Haymarket",0,""
"93","7","Inbound","Haymarket",0,""
"94","1","Inbound","Davis",0,
"94","1","Outbound","Medford Square",0,
"93","7","Outbound","Sullivan",0,""
"931_","_","North","Alewife",1,"Red"
"94","2","Outbound","Medford Square",0,
"946_","_","East","Wonderland",1,"Blue"
"931_","_","South","Ashmont",1,"Red"
"933_","_","North","Alewife",1,"Red"
"933_","_","South","Braintree",1,"Red"
"934_","_","North","Alewife",1,"Red"
"946_","_","West","Bowdoin",1,"Blue"
"811_","_","West","Boston College",1,"Green-B"
"85","_","Inbound","Kendall/MIT",0,
"85","_","Outbound","Spring Hill",0,
"850_","_","West","Riverside",1,"Green-D"
"88","_","Inbound","Lechmere",0,
"88","_","Outbound","Clarendon Hill",0,
"88","1","Outbound","Clarendon Hill",0,
"88","3","Inbound","Davis",0,
"89","1","Inbound","Sullivan",0,
"91","_","Inbound","Central Square",0,
"9462","_","East","Wonderland",1,"Blue"
"9462","_","West","Bowdoin",1,"Blue"
"948_","_","East","Wonderland",1,"Blue"
"948_","_","West","Bowdoin",1,"Blue"
"9482","_","East","Wonderland",1,"Blue"
"9482","_","West","Bowdoin",1,"Blue"
"95","_","Inbound","Sullivan",0,
"95","_","Outbound","West Medford",0,
"95","2","Inbound","Fellsway Garage via High St",0,
"95","2","Outbound","West Medford via High St",0,
"95","5","Inbound","Fellsway Garage via Winthrop",0,""
"95","5","Outbound","Winthrop & Brooks via Medford Square",0,""
"9507","_","Outbound","Bryant Ave & Upton St",0,""
"96","_","Inbound","Harvard",0,""
"96","_","Outbound","Medford Square",0,""
"96","1","Inbound","Davis",0,""
"96","1","Outbound","Medford Square",0,""
"9501","_","Inbound","Newbury Ave & Hollis Ave",0,""
"9501","_","Outbound","Bryant Ave & Upton St",0,""
"9502","_","Inbound","Water St & Granite Ave",0,""
"9502","_","Outbound","Quincy Ave & Scammell St",0,""
"960","1","Outbound","Harvard via Broadway",0,""
"97","5","Inbound","Wellington",0,""
"9702","_","Inbound","Andrew",0,""
"99","7","Inbound","Wellington",0,""
"99","7","Outbound","Woodland Rd",0,""
"99","8","Inbound","Wellington via Gateway Center",0,""
"9703","_","Inbound","Jackson",0,""
"99","1","Inbound","Malden",0,""
"99","8","Outbound","Woodland Rd via Gateway Center",0,""
"110","2","Inbound","Wellington via Broadway",0,
"112","3","Outbound","Wellington via Admiral's Hill & Market Basket",0,
"57A","_","Inbound","Kenmore",0,
"57A","_","Outbound","Oak Square",0,
"842_","_","East","Government Center",1,"Green-D"
"70A","4","Inbound","University Park",0,
"70A","4","Outbound","North Waltham",0,
"822_","_","West","Chestnut Hill Ave",1,"Green-B"
"823_","_","East","Park Street",1,"Green-B"
"830_","_","East","Lechmere",1,"Green-C"
"852_","_","East","Government Center",1,"Green-D"
"852_","_","West","Riverside",1,"Green-D"
"09","1","Inbound","Copley",1,"9"
"553","1","Inbound","Downtown via Copley (Express)",0,
"553","1","Outbound","Waltham via Copley (Express)",0,
"217","2","Inbound","Bryant Ave & Upton St",0,
"217","3","Inbound","Ashmont",0,
"439","3","Inbound","Wonderland via Central Square",0,
"439","3","Outbound","Nahant via Central Square",0,
"465","1","Inbound","Salem Depot via North & Margin",0,
"465","1","Outbound","Danvers Square via North & Margin",0,
"455","6","Outbound","Salem Depot via Central Square",0,
"217","1","Outbound","Quincy Center via North Quincy",0,
"40","2","Inbound","Forest Hills",0,
"40","2","Outbound","Georgetowne",0,
"91","7","Inbound","Central Square",0,
"91","7","Outbound","Sullivan",0,
"450","8","Outbound","Salem Depot",0,
"117","3","Outbound","Logan Airport Terminal C",0,
"424","5","Outbound","Eastern & Essex via Western Ave (Express)",0,
"434","5","Inbound","Haymarket via Goodwins Cir & Western Ave (Express)",0,
"434","5","Outbound","Peabody Square via Western Ave & Goodwins Cir (Express)",0,
"608","_","Inbound","Haymarket via Government Center Loop",0,
"852_","w","West","Riverside",1,"Green-D"
"86","_","Inbound","Reservoir",0,
"97","5","Outbound","Malden",0,
"9701","_","Inbound","Ruggles",0,
"07","5","Inbound","Congress & Atlantic",1,"7"
"32","2","Inbound","Ave Louis Pasteur via Forest Hills",0,
"136","6","Outbound","Reading Depot",0,
"710","2","Outbound","Meadow Glen Mall",0,
"710","3","Outbound","Highland/Doonan",0,
"710","4","Inbound","Wellington (No Mall)",0,
"710","4","Outbound","Highland/Doonan (No Mall)",0,
"712","_","Inbound","Orient Heights",0,
"712","_","Outbound","Point Shirley",0,
"712","1","Inbound","Orient Heights",0,
"712","1","Outbound","Winthrop Beach",0,
"712","2","Inbound","Orient Heights",0,
"712","2","Outbound","Point Shirley",0,
"712","3","Inbound","Orient Heights",0,
"712","3","Outbound","Winthrop Beach",0,
"713","_","Inbound","Orient Heights",0,
"713","_","Outbound","Point Shirley",0,
"713","1","Inbound","Orient Heights",0,
"713","1","Outbound","Winthrop Beach",0,
"713","2","Inbound","Orient Heights",0,
"713","2","Outbound","Point Shirley",0,
"713","3","Inbound","Orient Heights",0,
"713","3","Outbound","Winthrop Beach",0,
"714","_","Inbound","Station Street Hingham",0,
"714","_","Outbound","Pemberton Point Hull",0,
"714","1","Inbound","Station Street via Hull Medical Center",0,
"714","1","Outbound","Pemberton Point via Hull Medical Center",0,
"714","2","Inbound","Station Street via Washington Boulevard",0,
"714","2","Outbound","Pemberton Point via Washington Boulevard",0,
"716","_","Inbound","Mattapan",0,
"716","_","Outbound","Cobbs Corner Canton",0,
"72","_","Inbound","Harvard",0,
"72","_","Outbound","Huron Ave",0,
"72","6","Inbound","Cambridge St & Felton St",0,
"725","_","Inbound","Harvard via Huron Ave",0,
"86","8","Inbound","Harvard",0,
"83","1","Inbound","Central Square",0,
"117","8","Inbound","Haymarket via Maverick",0,
"195","_","Inbound","Downtown via Park St",0,
"36","1","Inbound","Forest Hills via Belgrade Ave",0,
"36","1","Outbound","Millennium Park via VA Hospital",0,
"70","8","Inbound","University Park",0,
"70","8","Outbound","Waltham Center",0,
"701","_","Inbound","Boston Medical Center (Limited Stops)",0,
"701","_","Outbound","Central Square (Limited Stops)",0,
"70","6","Inbound","University Park",0,
"70","6","Outbound","Market Place Dr",0,
"70","7","Inbound","Central Square",0,
"70","7","Outbound","Market Place Dr",0,
"325","3","Outbound","Redstone via Medford (Express)",0,
"325","3","Inbound","Haymarket via I-93 (Express)",0,
"73","4","Inbound","Harvard",0,
"882_","w","West","Heath Street",1,"Green-E"
"230","4","Inbound","Braintree",0,
"230","4","Outbound","Montello",0,
"238","3","Inbound","Quincy Center",0,
"429","5","Outbound","Kings Lynn",0,
"435","6","Inbound","Neptune Towers via Central Square",0,
"435","6","Outbound","Liberty Tree Mall via N Shore Mall",0,
"436","3","Inbound","Neptune Towers via Central Square",0,
"436","3","Outbound","Goodwin Circle",0,
"221","5","Outbound","Fort Point via Des Moines",0,
"221","5","Inbound","Quincy Center via Des Moines",0,
